-- phpMyAdmin SQL Dump
-- version 5.2.1
-- https://www.phpmyadmin.net/
--
-- Хост: 127.0.0.1
-- Время создания: Июн 21 2024 г., 10:08
-- Версия сервера: 10.4.32-MariaDB
-- Версия PHP: 8.0.30

SET SQL_MODE = "NO_AUTO_VALUE_ON_ZERO";
START TRANSACTION;
SET time_zone = "+00:00";


/*!40101 SET @OLD_CHARACTER_SET_CLIENT=@@CHARACTER_SET_CLIENT */;
/*!40101 SET @OLD_CHARACTER_SET_RESULTS=@@CHARACTER_SET_RESULTS */;
/*!40101 SET @OLD_COLLATION_CONNECTION=@@COLLATION_CONNECTION */;
/*!40101 SET NAMES utf8mb4 */;

--
-- База данных: `recipеs_db`
--

DELIMITER $$
--
-- Процедуры
--
DROP PROCEDURE IF EXISTS `GetRecipeDetails`$$
CREATE DEFINER=`root`@`localhost` PROCEDURE `GetRecipeDetails` (IN `recipe_id` INT)   BEGIN
    SELECT 
        'title', rs.title,
        'short_info', rs.short_info,
        'image_url', rs.image_url,
        'servings', rf.servings,
        'preparation_time', rf.preparation_time,
        'description', rf.description,
        (SELECT CONCAT('[', GROUP_CONCAT(CONCAT('{"id":', tags_t.id ,', "name":"', tags_t.name_tag, '"}') SEPARATOR ','), ']')
                 FROM tags as tags_t
                 JOIN tag_recept ON tags_t.id = tag_recept.id_tags 
                 WHERE tag_recept.id_recipes = recipe_id) as "tags",
                 
        (SELECT CONCAT('[', GROUP_CONCAT(CONCAT('{"name":"', name_product, '", "quantity":', quantity, ', "unit":"', (SELECT name_unit FROM unit WHERE id = ingredients.id_unit), '"}') SEPARATOR ','), ']')
                        FROM ingredients 
                        JOIN product ON ingredients.id_product = product.id
                        WHERE ingredients.id_recipes = recipe_id) as 'ingredients'
    FROM recipes_short rs
    JOIN recipes_full rf ON rs.id = rf.id
    WHERE rs.id = recipe_id;
END$$

DROP PROCEDURE IF EXISTS `UpdateRecipe`$$
CREATE DEFINER=`root`@`localhost` PROCEDURE `UpdateRecipe` (IN `recipe_id` INT, IN `title` VARCHAR(50), IN `short_info` TEXT, IN `image_url` VARCHAR(255), IN `servings` INT, IN `preparation_time` INT, IN `description` TEXT, IN `tags` JSON, IN `ingredients` JSON)   BEGIN
    -- Оновлення таблиці recipes_short
    IF image_url = '' THEN
        UPDATE recipes_short
        SET title = title, short_info = short_info
        WHERE id = recipe_id;
    ELSE
        UPDATE recipes_short
        SET title = title, short_info = short_info, image_url = image_url
        WHERE id = recipe_id;
    END IF;

    -- Оновлення таблиці recipes_full
    UPDATE recipes_full
    SET servings = servings, preparation_time = preparation_time, description = description
    WHERE id = recipe_id;

    -- Оновлення тегів
    SET @tag_count = JSON_LENGTH(tags);
    SET @index = 0;
    CREATE TEMPORARY TABLE temp_tags (name_tag VARCHAR(255));

    WHILE @index < @tag_count DO
        SET @tag_name = JSON_UNQUOTE(JSON_EXTRACT(tags, CONCAT('$[', @index, ']')));
        INSERT INTO temp_tags (name_tag) VALUES (@tag_name);

        SET @tag_id = (
            SELECT id FROM tags 
            WHERE name_tag = @tag_name
        );
        IF @tag_id IS NULL THEN
            INSERT INTO tags (name_tag) VALUES (@tag_name);
            SET @tag_id = LAST_INSERT_ID();
        END IF;

        IF NOT EXISTS (
            SELECT 1 FROM tag_recept
            WHERE id_tags = @tag_id AND id_recipes = recipe_id
        ) THEN
            INSERT INTO tag_recept (id_tags, id_recipes) VALUES (@tag_id, recipe_id);
        END IF;

        SET @index = @index + 1;
    END WHILE;

    -- Видалення тегів, яких немає в новому списку
    DELETE tr FROM tag_recept tr
    JOIN tags t ON tr.id_tags = t.id
    WHERE tr.id_recipes = recipe_id AND t.name_tag NOT IN (SELECT name_tag FROM temp_tags);

    DROP TEMPORARY TABLE temp_tags;

    -- Оновлення інгредієнтів
    SET @ingredient_count = JSON_LENGTH(ingredients);
    SET @index = 0;
    CREATE TEMPORARY TABLE temp_ingredients (product_name VARCHAR(255), quantity FLOAT, unit_name VARCHAR(30));

    WHILE @index < @ingredient_count DO
        SET @ingredient = JSON_EXTRACT(ingredients, CONCAT('$[', @index, ']'));

        SET @product_name = JSON_UNQUOTE(JSON_EXTRACT(@ingredient, '$.name'));
        SET @quantity = JSON_UNQUOTE(JSON_EXTRACT(@ingredient, '$.quantity'));
        SET @unit_name = JSON_UNQUOTE(JSON_EXTRACT(@ingredient, '$.unit'));

        INSERT INTO temp_ingredients (product_name, quantity, unit_name)
        VALUES (@product_name, @quantity, @unit_name);

        SET @product_id = (
            SELECT id FROM product WHERE name_product = @product_name
        );
        IF @product_id IS NULL THEN
            INSERT INTO product (name_product) VALUES (@product_name);
            SET @product_id = LAST_INSERT_ID();
        END IF;

        SET @unit_id = (
            SELECT id FROM unit WHERE name_unit = @unit_name
        );
        IF @unit_id IS NULL THEN
            INSERT INTO unit (name_unit) VALUES (@unit_name);
            SET @unit_id = LAST_INSERT_ID();
        END IF;

        IF NOT EXISTS (
            SELECT 1 FROM ingredients
            WHERE id_recipes = recipe_id AND id_product = @product_id AND id_unit = @unit_id
        ) THEN
            INSERT INTO ingredients (id_recipes, id_product, quantity, id_unit)
            VALUES (recipe_id, @product_id, @quantity, @unit_id);
        ELSE
            UPDATE ingredients
            SET quantity = @quantity
            WHERE id_recipes = recipe_id AND id_product = @product_id AND id_unit = @unit_id;
        END IF;

        SET @index = @index + 1;
    END WHILE;

    -- Видалення інгредієнтів, яких немає в новому списку
    DELETE i FROM ingredients i
    JOIN product p ON i.id_product = p.id
    JOIN unit u ON i.id_unit = u.id
    WHERE i.id_recipes = recipe_id
      AND (p.name_product, i.quantity, u.name_unit) NOT IN (SELECT product_name, quantity, unit_name FROM temp_ingredients);

    DROP TEMPORARY TABLE temp_ingredients;
END$$

--
-- Функции
--
DROP FUNCTION IF EXISTS `insert_recipe`$$
CREATE DEFINER=`root`@`localhost` FUNCTION `insert_recipe` (`recipe_title` VARCHAR(255), `short_info` VARCHAR(255), `image_url` VARCHAR(255), `servings` INT, `preparation_time` INT, `description` TEXT, `tags_array` JSON, `ingredients_array` JSON) RETURNS INT(11)  BEGIN
    DECLARE recipe_id INT;
    
	-- Вставка даних в таблицю recipes_short
    INSERT INTO recipes_short (`title`, `short_info`, `image_url`)
    VALUES (recipe_title, short_info, image_url);
    SET recipe_id = LAST_INSERT_ID();
    
    -- Вставка даних в таблицю recipes_full
    INSERT INTO recipes_full (`id`, `servings`, `preparation_time`, `description`)
    VALUES (recipe_id, servings, preparation_time, description);

SET @tag_index = 0;
    SET @tag_count = JSON_LENGTH(tags_array);

    tag_loop: LOOP
        IF @tag_index >= @tag_count THEN
            LEAVE tag_loop;
        END IF;

	SET @tag = JSON_UNQUOTE(JSON_EXTRACT(tags_array, CONCAT('$[', @tag_index, ']')));

        -- Перевірити чи тег існує
        IF NOT EXISTS (SELECT id FROM tags WHERE name_tag = @tag) THEN
            INSERT INTO tags (name_tag) VALUES (@tag);
        END IF;

        SET @tag_id = (SELECT id FROM tags WHERE name_tag = @tag);

        INSERT INTO tag_recept (id_tags, id_recipes) VALUES (@tag_id, recipe_id);

        SET @tag_index = @tag_index + 1;
    END LOOP tag_loop;

	-- Додати інгредієнти та пов'язати їх з рецептом
    SET @ingredient_index = 0;
    SET @ingredient_count = JSON_LENGTH(ingredients_array);

    ing_loop: LOOP
        IF @ingredient_index >= @ingredient_count THEN
            LEAVE ing_loop;
        END IF;

        SET @ingredient_name = JSON_UNQUOTE(JSON_EXTRACT(ingredients_array, CONCAT('$[', @ingredient_index, '].name')));
        SET @ingredient_quantity = JSON_EXTRACT(ingredients_array, CONCAT('$[', @ingredient_index, '].quantity'));
        SET @ingredient_unit = JSON_UNQUOTE(JSON_EXTRACT(ingredients_array, CONCAT('$[', @ingredient_index, '].unit')));

        -- Перевірити чи продукт існує
        IF NOT EXISTS (SELECT id FROM product WHERE name_product = @ingredient_name) THEN
            INSERT INTO product (name_product) VALUES (@ingredient_name);
        END IF;

        SET @product_id = (SELECT id FROM product WHERE name_product = @ingredient_name);

        -- Перевірити чи одиниця виміру існує
        IF NOT EXISTS (SELECT id FROM unit WHERE name_unit = @ingredient_unit) THEN
            INSERT INTO unit (name_unit) VALUES (@ingredient_unit);
        END IF;

        SET @unit_id = (SELECT id FROM unit WHERE name_unit = @ingredient_unit);

        INSERT INTO ingredients (id_recipes, id_product, quantity, id_unit)
        VALUES (recipe_id, @product_id, @ingredient_quantity, @unit_id);

        SET @ingredient_index = @ingredient_index + 1;
    END LOOP ing_loop;

    RETURN recipe_id;
END$$

DROP FUNCTION IF EXISTS `insert_recipe1`$$
CREATE DEFINER=`root`@`localhost` FUNCTION `insert_recipe1` (`recipe_title` VARCHAR(255), `short_info` VARCHAR(255), `image_url` VARCHAR(255), `servings` INT, `preparation_time` INT, `description` TEXT, `tags_array` JSON, `ingredients_array` JSON) RETURNS INT(11)  BEGIN
    DECLARE recipe_id INT;
    
    -- Вставка даних в таблицю recipes_short
    INSERT INTO recipes_short (`title`, `short_info`, `image_url`)
    VALUES (recipe_title, short_info, image_url);
    SET recipe_id = LAST_INSERT_ID();
    
    -- Вставка даних в таблицю recipes_full
    INSERT INTO recipes_full (`id`, `servings`, `preparation_time`, `description`)
    VALUES (recipe_id, servings, preparation_time, description);

    SET @tag_index = 0;
    SET @tag_count = JSON_LENGTH(tags_array);

    tag_loop: LOOP
        IF @tag_index >= @tag_count THEN
            LEAVE tag_loop;
        END IF;

        SET @tag = JSON_UNQUOTE(JSON_EXTRACT(tags_array, CONCAT('$[', @tag_index, ']')));

        -- Перевірити чи тег існує
        IF NOT EXISTS (SELECT id FROM tags WHERE name_tag = @tag LIMIT 1) THEN
            INSERT INTO tags (name_tag) VALUES (@tag);
        END IF;

        SET @tag_id = (SELECT id FROM tags WHERE name_tag = @tag LIMIT 1);

        INSERT INTO tag_recept (id_tags, id_recipes) VALUES (@tag_id, recipe_id);

        SET @tag_index = @tag_index + 1;
    END LOOP tag_loop;

    -- Додати інгредієнти та пов'язати їх з рецептом
    SET @ingredient_index = 0;
    SET @ingredient_count = JSON_LENGTH(ingredients_array);

    ing_loop: LOOP
        IF @ingredient_index >= @ingredient_count THEN
            LEAVE ing_loop;
        END IF;

        SET @ingredient_name = JSON_UNQUOTE(JSON_EXTRACT(ingredients_array, CONCAT('$[', @ingredient_index, '].name')));
        SET @ingredient_quantity = JSON_EXTRACT(ingredients_array, CONCAT('$[', @ingredient_index, '].quantity'));
        SET @ingredient_unit = JSON_UNQUOTE(JSON_EXTRACT(ingredients_array, CONCAT('$[', @ingredient_index, '].unit')));

        -- Перевірити чи продукт існує
        IF NOT EXISTS (SELECT id FROM product WHERE name_product = @ingredient_name LIMIT 1) THEN
            INSERT INTO product (name_product) VALUES (@ingredient_name);
        END IF;

        SET @product_id = (SELECT id FROM product WHERE name_product = @ingredient_name LIMIT 1);

        -- Перевірити чи одиниця виміру існує
        IF NOT EXISTS (SELECT id FROM unit WHERE name_unit = @ingredient_unit LIMIT 1) THEN
            INSERT INTO unit (name_unit) VALUES (@ingredient_unit);
        END IF;

        SET @unit_id = (SELECT id FROM unit WHERE name_unit = @ingredient_unit LIMIT 1);

        INSERT INTO ingredients (id_recipes, id_product, quantity, id_unit)
        VALUES (recipe_id, @product_id, @ingredient_quantity, @unit_id);

        SET @ingredient_index = @ingredient_index + 1;
    END LOOP ing_loop;

    RETURN recipe_id;
END$$

DELIMITER ;

-- --------------------------------------------------------

--
-- Структура таблицы `ingredients`
--

DROP TABLE IF EXISTS `ingredients`;
CREATE TABLE `ingredients` (
  `id` int(11) NOT NULL,
  `id_recipes` int(11) DEFAULT NULL,
  `id_product` int(11) DEFAULT NULL,
  `quantity` float DEFAULT NULL,
  `id_unit` int(11) DEFAULT NULL
) ENGINE=InnoDB DEFAULT CHARSET=utf8mb4 COLLATE=utf8mb4_general_ci;

--
-- Дамп данных таблицы `ingredients`
--

INSERT INTO `ingredients` (`id`, `id_recipes`, `id_product`, `quantity`, `id_unit`) VALUES
(38795, 32, 38769, 100, 38729),
(38796, 32, 38770, 250, 38730),
(38797, 32, 38771, 1, 38731),
(38798, 32, 38772, 50, 38729),
(38799, 32, 38773, 1, 38732),
(38800, 33, 38774, 2, 38731),
(38801, 33, 38775, 50, 38729),
(38802, 33, 38776, 1, 38731),
(38803, 33, 38777, 30, 38729),
(38804, 33, 38778, 1, 38733),
(38805, 33, 38779, 1, 38733),
(38806, 34, 38780, 150, 38729),
(38807, 34, 38770, 200, 38730),
(38808, 34, 38774, 2, 38731),
(38809, 34, 38781, 1, 38732),
(38810, 34, 38782, 1, 38734),
(38811, 34, 38783, 100, 38730),
(38812, 35, 38784, 400, 38729),
(38813, 35, 38785, 2, 38731),
(38814, 35, 38786, 1, 38731),
(38815, 35, 38787, 200, 38729),
(38816, 35, 38788, 2, 38732),
(38817, 35, 38778, 1, 38733),
(38818, 35, 38779, 1, 38733),
(38819, 35, 38789, 1, 38732),
(38820, 36, 38790, 500, 38729),
(38821, 36, 38791, 300, 38729),
(38822, 36, 38792, 1, 38731),
(38823, 36, 38785, 2, 38731),
(38824, 36, 38793, 3, 38735),
(38825, 36, 38794, 2, 38732),
(38826, 36, 38795, 1, 38734),
(38827, 36, 38796, 1, 38734),
(38828, 36, 38797, 1, 38734),
(38829, 36, 38798, 600, 38730),
(38830, 37, 38799, 300, 38729),
(38831, 37, 38785, 2, 38731),
(38832, 37, 38786, 1, 38731),
(38833, 37, 38800, 1, 38731),
(38834, 37, 38792, 1, 38731),
(38835, 37, 38793, 3, 38735),
(38836, 37, 38788, 2, 38732),
(38837, 37, 38801, 2, 38732),
(38838, 37, 38802, 1, 38734),
(38839, 37, 38803, 1, 38734),
(38840, 37, 38804, 1, 38734),
(38841, 37, 38805, 500, 38730),
(38842, 38, 38806, 2, 38731),
(38843, 38, 38799, 3, 38731),
(38844, 38, 38785, 1, 38731),
(38845, 38, 38807, 200, 38729),
(38846, 38, 38792, 1, 38731),
(38847, 38, 38793, 2, 38735),
(38848, 38, 38794, 2, 38732),
(38849, 38, 38801, 2, 38732),
(38850, 38, 38808, 2, 38731),
(38851, 38, 38778, 1, 38734),
(38852, 38, 38779, 1, 38733),
(38853, 39, 38809, 500, 38729),
(38854, 39, 38810, 1, 38731),
(38855, 39, 38792, 1, 38731),
(38856, 39, 38778, 1, 38734),
(38857, 39, 38779, 1, 38733),
(38858, 39, 38794, 2, 38732),
(38859, 39, 38799, 1, 38736),
(38860, 39, 38770, 200, 38730),
(38861, 39, 38811, 50, 38729),
(38862, 40, 38790, 500, 38729),
(38863, 40, 38799, 1, 38736),
(38864, 40, 38794, 2, 38732),
(38865, 40, 38778, 1, 38734),
(38866, 40, 38779, 1, 38733),
(38867, 41, 38812, 2, 38731),
(38868, 41, 38813, 1, 38731),
(38869, 41, 38814, 100, 38729),
(38870, 41, 38815, 150, 38729),
(38871, 41, 38788, 1, 38732),
(38872, 41, 38789, 1, 38734),
(38873, 41, 38778, 1, 38733),
(38874, 41, 38779, 1, 38733),
(38875, 42, 38775, 500, 38729),
(38876, 42, 38810, 1, 38731),
(38877, 42, 38781, 2, 38732),
(38878, 42, 38816, 50, 38729),
(38879, 42, 38780, 3, 38732),
(38880, 42, 38794, 2, 38732),
(38881, 43, 38817, 200, 38729),
(38882, 43, 38772, 50, 38729),
(38883, 43, 38818, 50, 38729),
(38884, 43, 38819, 50, 38729),
(38885, 43, 38820, 30, 38729),
(38886, 44, 38812, 2, 38731),
(38887, 44, 38813, 1, 38731),
(38888, 44, 38821, 0.5, 38731),
(38889, 44, 38822, 50, 38729),
(38890, 44, 38823, 100, 38729),
(38891, 44, 38788, 2, 38732),
(38892, 44, 38802, 1, 38734),
(38893, 44, 38778, 1, 38733),
(38894, 45, 38790, 200, 38729),
(38895, 45, 38824, 1, 38731),
(38896, 45, 38825, 50, 38729),
(38897, 45, 38826, 50, 38729),
(38898, 45, 38827, 3, 38732),
(38899, 45, 38793, 1, 38737),
(38900, 45, 38789, 1, 38732),
(38901, 45, 38828, 2, 38738),
(38902, 46, 38799, 300, 38729),
(38903, 46, 38785, 200, 38729),
(38904, 46, 38774, 3, 38731),
(38905, 46, 38813, 2, 38731),
(38906, 46, 38829, 200, 38729),
(38907, 46, 38830, 300, 38729),
(38908, 46, 38827, 100, 38729),
(38909, 46, 38778, 1, 38733),
(38910, 46, 38779, 1, 38733),
(38911, 47, 38831, 1, 38731),
(38912, 47, 38812, 3, 38731),
(38913, 47, 38803, 1, 38739),
(38914, 47, 38788, 2, 38732),
(38915, 47, 38793, 1, 38737),
(38916, 47, 38778, 1, 38733),
(38917, 47, 38779, 1, 38733),
(38918, 48, 38812, 2, 38731),
(38919, 48, 38832, 200, 38729),
(38920, 48, 38803, 1, 38739),
(38921, 48, 38788, 2, 38732),
(38922, 48, 38833, 1, 38732),
(38923, 48, 38778, 1, 38733),
(38924, 48, 38779, 1, 38733),
(38925, 49, 38834, 2, 38731),
(38926, 49, 38812, 1, 38731),
(38927, 49, 38821, 1, 38731),
(38928, 49, 38835, 1, 38739),
(38929, 49, 38836, 1, 38731),
(38930, 49, 38778, 1, 38733),
(38931, 49, 38779, 1, 38733),
(38932, 49, 38837, 100, 38729),
(38933, 50, 38838, 200, 38730),
(38934, 50, 38839, 4, 38731),
(38935, 50, 38781, 100, 38729),
(38936, 50, 38840, 500, 38729),
(38937, 50, 38841, 200, 38730),
(38938, 50, 38842, 200, 38729),
(38939, 50, 38843, 2, 38732),
(38940, 51, 38844, 200, 38729),
(38941, 51, 38811, 100, 38729),
(38942, 51, 38845, 600, 38729),
(38943, 51, 38781, 150, 38729),
(38944, 51, 38846, 1, 38734),
(38945, 51, 38774, 3, 38731),
(38946, 51, 38841, 200, 38730),
(38947, 52, 38841, 500, 38730),
(38948, 52, 38781, 100, 38729),
(38949, 52, 38847, 1, 38734),
(38950, 52, 38848, 10, 38729),
(38951, 52, 38849, 200, 38729),
(38952, 52, 38850, 50, 38729),
(38953, 53, 38788, 2, 38732),
(38954, 53, 38792, 1, 38731),
(38955, 53, 38793, 2, 38735),
(38956, 53, 38851, 400, 38729),
(38957, 53, 38801, 2, 38732),
(38958, 53, 38778, 1, 38734),
(38959, 53, 38779, 1, 38733),
(38960, 53, 38781, 1, 38734),
(38961, 53, 38803, 1, 38739),
(38962, 54, 38811, 50, 38729),
(38963, 54, 38780, 50, 38729),
(38964, 54, 38770, 500, 38730),
(38965, 54, 38778, 1, 38734),
(38966, 54, 38779, 1, 38733),
(38967, 54, 38852, 1, 38733),
(38968, 55, 38834, 2, 38731),
(38969, 55, 38812, 1, 38731),
(38970, 55, 38821, 1, 38731),
(38971, 55, 38835, 1, 38739),
(38972, 55, 38836, 1, 38731),
(38973, 55, 38778, 1, 38733),
(38974, 55, 38779, 1, 38733),
(38975, 56, 38797, 2, 38732),
(38976, 56, 38853, 2, 38732),
(38977, 56, 38778, 1, 38732),
(38978, 56, 38779, 1, 38732),
(38979, 56, 38854, 1, 38732),
(38980, 56, 38855, 1, 38732),
(38981, 56, 38802, 1, 38734),
(38982, 56, 38856, 1, 38734),
(38983, 57, 38857, 2, 38732),
(38984, 57, 38858, 1, 38732),
(38985, 57, 38859, 1, 38734),
(38986, 57, 38860, 1, 38734),
(38987, 57, 38861, 1, 38734),
(38988, 57, 38862, 1, 38734),
(38989, 58, 38863, 2, 38732),
(38990, 58, 38864, 2, 38732),
(38991, 58, 38865, 1, 38732),
(38992, 58, 38866, 1, 38732),
(38993, 58, 38867, 1, 38732),
(38994, 58, 38868, 1, 38732),
(38995, 59, 38774, 3, 38731),
(38996, 59, 38781, 150, 38729),
(38997, 59, 38780, 150, 38729),
(38998, 59, 38782, 1, 38734),
(38999, 59, 38869, 3, 38731),
(39000, 60, 38870, 200, 38729),
(39001, 60, 38871, 200, 38729),
(39002, 60, 38774, 3, 38731),
(39003, 60, 38781, 250, 38729),
(39004, 60, 38780, 100, 38729),
(39005, 60, 38843, 50, 38729),
(39006, 61, 38770, 250, 38730),
(39007, 61, 38781, 100, 38729),
(39008, 61, 38872, 7, 38729),
(39009, 61, 38810, 1, 38731),
(39010, 61, 38870, 100, 38729),
(39011, 61, 38778, 1, 38733),
(39012, 61, 38780, 500, 38729),
(39013, 61, 38862, 2, 38732),
(39014, 62, 38799, 1, 38736),
(39015, 62, 38870, 50, 38729),
(39016, 62, 38770, 200, 38730),
(39017, 62, 38778, 1, 38733),
(39018, 62, 38779, 1, 38733),
(39019, 63, 38791, 200, 38729),
(39020, 63, 38785, 1, 38731),
(39021, 63, 38873, 1, 38731),
(39022, 63, 38787, 100, 38729),
(39023, 63, 38794, 2, 38732),
(39024, 63, 38778, 1, 38733),
(39025, 63, 38779, 1, 38733),
(39026, 64, 38874, 200, 38729),
(39027, 64, 38875, 200, 38729),
(39028, 64, 38792, 1, 38731),
(39029, 64, 38794, 2, 38732),
(39030, 64, 38778, 1, 38733),
(39031, 64, 38779, 1, 38733),
(39032, 65, 38792, 1, 38731),
(39033, 65, 38793, 2, 38735),
(39034, 65, 38876, 1, 38740),
(39035, 65, 38877, 1, 38732),
(39036, 65, 38878, 1, 38734),
(39037, 65, 38879, 1, 38734),
(39038, 65, 38785, 2, 38731),
(39039, 65, 38799, 2, 38731),
(39040, 65, 38880, 1, 38731),
(39041, 65, 38881, 400, 38741),
(39042, 65, 38882, 400, 38730),
(39043, 66, 38883, 1, 38731),
(39044, 66, 38870, 50, 38729),
(39045, 66, 38780, 50, 38729),
(39046, 66, 38770, 500, 38730),
(39047, 66, 38775, 100, 38729),
(39048, 66, 38778, 1, 38733),
(39049, 66, 38779, 1, 38733),
(39050, 67, 38884, 12, 38731),
(39051, 67, 38794, 2, 38732),
(39052, 67, 38792, 1, 38731),
(39053, 67, 38793, 2, 38735),
(39054, 67, 38777, 300, 38729),
(39055, 67, 38885, 250, 38729),
(39056, 67, 38810, 1, 38731),
(39057, 67, 38778, 1, 38733),
(39058, 67, 38779, 1, 38733),
(39059, 67, 38886, 400, 38730),
(39060, 67, 38832, 150, 38729),
(39061, 68, 38807, 1, 38731),
(39062, 68, 38809, 500, 38729),
(39063, 68, 38791, 100, 38729),
(39064, 68, 38792, 1, 38731),
(39065, 68, 38785, 1, 38731),
(39066, 68, 38794, 2, 38732),
(39067, 68, 38778, 1, 38733),
(39068, 68, 38779, 1, 38733),
(39069, 68, 38886, 400, 38730),
(39070, 69, 38775, 500, 38729),
(39071, 69, 38774, 2, 38731),
(39072, 69, 38781, 2, 38732),
(39073, 69, 38778, 1, 38733),
(39074, 69, 38780, 200, 38729),
(39075, 70, 38887, 300, 38729),
(39076, 70, 38809, 500, 38729),
(39077, 70, 38792, 1, 38731),
(39078, 70, 38793, 2, 38735),
(39079, 70, 38886, 400, 38730),
(39080, 70, 38778, 1, 38733),
(39081, 70, 38779, 1, 38733),
(39082, 70, 38775, 200, 38729),
(39083, 71, 38888, 500, 38729),
(39084, 71, 38823, 200, 38729),
(39085, 71, 38822, 50, 38729),
(39087, 71, 38788, 2, 38732),
(39088, 71, 38778, 1, 38733),
(39089, 71, 38779, 1, 38733),
(39090, 72, 38812, 800, 38729),
(39091, 72, 38890, 1, 38731),
(39092, 72, 38891, 1, 38731),
(39093, 72, 38792, 1, 38731),
(39094, 72, 38793, 2, 38735),
(39095, 72, 38788, 50, 38730),
(39096, 72, 38892, 2, 38732),
(39097, 72, 38778, 1, 38733),
(39098, 72, 38779, 1, 38733),
(39099, 73, 38772, 200, 38729),
(39100, 73, 38893, 200, 38729),
(39101, 73, 38894, 2, 38731),
(39102, 73, 38895, 100, 38729),
(39104, 73, 38789, 2, 38732),
(39105, 74, 38813, 400, 38729),
(39106, 74, 38817, 200, 38729),
(39107, 74, 38896, 1, 38739),
(39108, 74, 38778, 1, 38733),
(39109, 74, 38779, 1, 38733),
(39110, 75, 38897, 1, 38731),
(39111, 75, 38771, 1, 38731),
(39112, 75, 38898, 200, 38730),
(39113, 76, 38899, 2, 38731),
(39114, 76, 38900, 1, 38731),
(39115, 76, 38873, 2, 38731),
(39116, 76, 38821, 1, 38731),
(39117, 76, 38788, 50, 38730),
(39118, 76, 38778, 1, 38733),
(39119, 76, 38779, 1, 38733),
(39120, 76, 38901, 1, 38734),
(39122, 77, 38806, 2, 38731),
(39123, 77, 38785, 1, 38731),
(39124, 77, 38799, 3, 38731),
(39125, 77, 38807, 300, 38729),
(39126, 77, 38801, 2, 38732),
(39127, 77, 38808, 2, 38731),
(39128, 77, 38778, 1, 38734),
(39129, 77, 38794, 2, 38732),
(39130, 78, 38874, 200, 38729),
(39131, 78, 38875, 300, 38729),
(39132, 78, 38792, 1, 38731),
(39133, 78, 38794, 2, 38732),
(39134, 78, 38778, 1, 38734),
(39135, 78, 38779, 1, 38733),
(39136, 79, 38869, 4, 38731),
(39137, 79, 38773, 4, 38732),
(39138, 79, 38903, 50, 38729),
(39139, 80, 38887, 300, 38729),
(39140, 80, 38792, 1, 38731),
(39141, 80, 38793, 2, 38735),
(39142, 80, 38812, 400, 38742),
(39143, 80, 38794, 2, 38732),
(39144, 80, 38778, 1, 38733),
(39145, 80, 38779, 1, 38733),
(39146, 81, 38799, 500, 38729),
(39147, 81, 38792, 1, 38731),
(39148, 81, 38810, 1, 38731),
(39149, 81, 38780, 2, 38732),
(39150, 81, 38778, 1, 38733),
(39151, 81, 38779, 1, 38733),
(39152, 81, 38794, 2, 38732),
(39153, 82, 38904, 200, 38729),
(39154, 82, 38792, 1, 38731),
(39155, 82, 38785, 1, 38731),
(39156, 82, 38799, 2, 38731),
(39157, 82, 38794, 2, 38732),
(39158, 82, 38905, 1, 38743),
(39159, 82, 38778, 1, 38734),
(39160, 82, 38779, 1, 38733),
(39161, 83, 38770, 200, 38730),
(39162, 83, 38872, 7, 38729),
(39163, 83, 38781, 150, 38729),
(39164, 83, 38774, 4, 38731),
(39165, 83, 38870, 100, 38729),
(39166, 83, 38778, 1, 38733),
(39167, 83, 38847, 1, 38734),
(39168, 83, 38780, 500, 38729),
(39169, 83, 38816, 100, 38729),
(39170, 83, 38906, 200, 38729),
(39171, 83, 38789, 2, 38732),
(39172, 84, 38775, 500, 38729),
(39173, 84, 38907, 200, 38729),
(39174, 84, 38870, 100, 38729),
(39175, 84, 38781, 150, 38729),
(39176, 84, 38908, 1, 38734),
(39177, 84, 38909, 100, 38729),
(39178, 84, 38910, 100, 38729),
(39179, 85, 38806, 2, 38731),
(39180, 85, 38799, 3, 38731),
(39181, 85, 38785, 2, 38731),
(39182, 85, 38829, 200, 38729),
(39183, 85, 38911, 3, 38731),
(39184, 85, 38788, 3, 38732),
(39185, 85, 38778, 1, 38734),
(39186, 85, 38779, 1, 38733),
(39187, 86, 38790, 300, 38729),
(39188, 86, 38824, 1, 38731),
(39189, 86, 38825, 50, 38729),
(39190, 86, 38826, 50, 38729),
(39191, 86, 38827, 3, 38732),
(39192, 86, 38793, 1, 38737),
(39193, 86, 38789, 1, 38732),
(39194, 86, 38828, 2, 38738),
(39195, 87, 38912, 500, 38729),
(39196, 87, 38811, 50, 38729),
(39197, 87, 38793, 3, 38735),
(39198, 87, 38789, 2, 38732),
(39199, 87, 38778, 1, 38733),
(39200, 87, 38779, 1, 38733),
(39201, 87, 38913, 1, 38739),
(39202, 88, 38914, 500, 38729),
(39203, 88, 38774, 4, 38731),
(39204, 88, 38781, 200, 38729),
(39205, 88, 38770, 500, 38730),
(39206, 88, 38847, 1, 38734),
(39207, 89, 38799, 4, 38731),
(39208, 89, 38785, 2, 38731),
(39209, 89, 38774, 4, 38731),
(39210, 89, 38830, 200, 38729),
(39211, 89, 38915, 3, 38731),
(39212, 89, 38829, 200, 38729),
(39213, 89, 38827, 150, 38729),
(39214, 90, 38774, 6, 38731),
(39215, 90, 38827, 3, 38732),
(39216, 90, 38916, 1, 38734),
(39217, 90, 38778, 1, 38733),
(39218, 90, 38779, 1, 38733),
(39219, 90, 38797, 1, 38733),
(39220, 91, 38773, 200, 38729),
(39221, 91, 38870, 100, 38729),
(39222, 91, 38781, 200, 38729),
(39223, 91, 38774, 3, 38731),
(39224, 91, 38917, 1, 38734),
(39225, 91, 38918, 1, 38734),
(39226, 91, 38780, 500, 38729),
(39227, 91, 38907, 500, 38729),
(39228, 91, 38919, 200, 38729),
(39229, 91, 38903, 100, 38729),
(39231, 92, 38806, 2, 38731),
(39232, 92, 38785, 1, 38731),
(39233, 92, 38799, 3, 38731),
(39234, 92, 38807, 300, 38729),
(39235, 92, 38801, 2, 38732),
(39236, 92, 38808, 2, 38731),
(39237, 92, 38778, 1, 38734),
(39238, 92, 38794, 2, 38732),
(39239, 92, 38872, 7, 38729),
(39240, 92, 38798, 200, 38730),
(39241, 92, 38780, 500, 38729),
(39242, 92, 38793, 3, 38735),
(39243, 93, 38780, 500, 38729),
(39244, 93, 38810, 1, 38731),
(39245, 93, 38798, 200, 38730),
(39246, 93, 38778, 1, 38734),
(39247, 93, 38799, 500, 38729),
(39248, 93, 38792, 1, 38731),
(39249, 93, 38794, 2, 38732),
(39250, 94, 38874, 200, 38729),
(39251, 94, 38809, 300, 38729),
(39252, 94, 38792, 1, 38731),
(39253, 94, 38793, 2, 38735),
(39254, 94, 38810, 1, 38731),
(39255, 94, 38778, 1, 38734),
(39256, 94, 38779, 1, 38733),
(39257, 94, 38794, 2, 38732),
(39258, 95, 38881, 400, 38729),
(39259, 95, 38920, 3, 38732),
(39260, 95, 38793, 2, 38735),
(39261, 95, 38789, 2, 38732),
(39262, 95, 38788, 2, 38732),
(39263, 95, 38778, 1, 38734),
(39264, 95, 38779, 1, 38733),
(39265, 96, 38921, 100, 38729),
(39266, 96, 38913, 1, 38739),
(39268, 96, 38812, 2, 38731),
(39269, 96, 38922, 2, 38744),
(39270, 96, 38789, 2, 38732),
(39271, 96, 38788, 2, 38732),
(39272, 96, 38778, 1, 38734),
(39273, 96, 38779, 1, 38733),
(39274, 97, 38923, 500, 38729),
(39275, 97, 38792, 1, 38731),
(39276, 97, 38793, 2, 38735),
(39277, 97, 38913, 1, 38739),
(39278, 97, 38795, 1, 38734),
(39279, 97, 38796, 1, 38734),
(39280, 97, 38797, 1, 38734),
(39281, 97, 38778, 1, 38734),
(39282, 97, 38779, 1, 38733),
(39283, 71, 38924, 1, 38739),
(39284, 73, 38924, 1, 38739),
(39285, 77, 38925, 500, 38729),
(39286, 92, 38925, 500, 38729),
(39287, 96, 38924, 1, 38739),
(39288, 98, 38926, 500, 38729),
(39289, 98, 38792, 1, 38731),
(39290, 98, 38793, 3, 38735),
(39291, 98, 38876, 1, 38732),
(39292, 98, 38879, 1, 38734),
(39293, 98, 38795, 1, 38734),
(39294, 98, 38796, 1, 38734),
(39295, 98, 38797, 1, 38734),
(39296, 98, 38801, 2, 38732),
(39297, 98, 38882, 400, 38730),
(39298, 98, 38794, 2, 38732),
(39299, 99, 38904, 200, 38729),
(39300, 99, 38792, 1, 38731),
(39301, 99, 38793, 2, 38735),
(39302, 99, 38876, 1, 38732),
(39303, 99, 38795, 1, 38734),
(39304, 99, 38879, 1, 38734),
(39305, 99, 38796, 1, 38734),
(39306, 99, 38794, 2, 38732),
(39307, 100, 38777, 400, 38729),
(39308, 100, 38927, 200, 38729),
(39309, 100, 38792, 1, 38731),
(39310, 100, 38793, 2, 38735),
(39311, 100, 38876, 1, 38732),
(39312, 100, 38928, 1, 38734),
(39313, 100, 38795, 1, 38734),
(39314, 100, 38879, 1, 38734),
(39315, 100, 38794, 2, 38732),
(39316, 101, 38780, 500, 38729),
(39317, 101, 38872, 7, 38729),
(39318, 101, 38798, 200, 38730),
(39319, 101, 38794, 2, 38732),
(39320, 101, 38778, 1, 38734),
(39321, 101, 38775, 400, 38729),
(39322, 101, 38810, 4, 38731),
(39323, 102, 38780, 500, 38729),
(39324, 102, 38798, 250, 38730),
(39325, 102, 38778, 1, 38734),
(39326, 102, 38809, 500, 38729),
(39327, 102, 38792, 1, 38731),
(39328, 102, 38793, 2, 38735),
(39329, 102, 38913, 1, 38739),
(39330, 102, 38795, 1, 38734),
(39331, 102, 38860, 1, 38734),
(39332, 103, 38929, 400, 38729),
(39333, 103, 38792, 1, 38731),
(39334, 103, 38793, 2, 38735),
(39335, 103, 38801, 2, 38732),
(39336, 103, 38835, 1, 38739),
(39337, 103, 38795, 1, 38734),
(39338, 103, 38797, 1, 38734),
(39339, 103, 38794, 2, 38732),
(39340, 104, 38923, 500, 38729),
(39341, 104, 38791, 100, 38729),
(39342, 104, 38792, 1, 38731),
(39343, 104, 38793, 2, 38735),
(39344, 104, 38913, 1, 38739),
(39345, 104, 38835, 1, 38739),
(39346, 104, 38778, 1, 38734),
(39347, 104, 38779, 1, 38734),
(39348, 104, 38930, 20, 38731),
(39349, 105, 38931, 1, 38736),
(39350, 105, 38792, 2, 38731),
(39351, 105, 38793, 3, 38735),
(39352, 105, 38788, 3, 38732),
(39353, 105, 38789, 2, 38732),
(39354, 105, 38778, 1, 38734),
(39355, 105, 38779, 1, 38734),
(39356, 105, 38878, 1, 38734),
(39357, 105, 38797, 1, 38734),
(39358, 106, 38780, 500, 38729),
(39359, 106, 38798, 300, 38730),
(39360, 106, 38778, 1, 38734);

-- --------------------------------------------------------

--
-- Структура таблицы `product`
--

DROP TABLE IF EXISTS `product`;
CREATE TABLE `product` (
  `id` int(11) NOT NULL,
  `name_product` varchar(100) DEFAULT NULL
) ENGINE=InnoDB DEFAULT CHARSET=utf8mb4 COLLATE=utf8mb4_general_ci;

--
-- Дамп данных таблицы `product`
--

INSERT INTO `product` (`id`, `name_product`) VALUES
(38769, 'овсяні пластівці'),
(38770, 'молоко'),
(38771, 'банан'),
(38772, 'полуниця'),
(38773, 'мед'),
(38774, 'яйця'),
(38775, 'сир'),
(38776, 'помідор'),
(38777, 'шпинат'),
(38778, 'сіль'),
(38779, 'перець'),
(38780, 'борошно'),
(38781, 'цукор'),
(38782, 'розпушувач'),
(38783, 'сироп'),
(38784, 'філе лосося'),
(38785, 'морква'),
(38786, 'кабачок'),
(38787, 'броколі'),
(38788, 'оливкова олія'),
(38789, 'лимонний сік'),
(38790, 'куряче філе'),
(38791, 'рис'),
(38792, 'цибуля'),
(38793, 'часник'),
(38794, 'олія'),
(38795, 'кумін'),
(38796, 'коріандр'),
(38797, 'паприка'),
(38798, 'вода'),
(38799, 'картопля'),
(38800, 'баклажан'),
(38801, 'томатна паста'),
(38802, 'орегано'),
(38803, 'базилік'),
(38804, 'чебрець'),
(38805, 'овочевий бульйон'),
(38806, 'буряк'),
(38807, 'капуста'),
(38808, 'лавровий лист'),
(38809, 'фарш'),
(38810, 'яйце'),
(38811, 'вершкове масло'),
(38812, 'помідори'),
(38813, 'огірки'),
(38814, 'салат'),
(38815, 'консервований тунець'),
(38816, 'родзинки'),
(38817, 'йогурт'),
(38818, 'чорниця'),
(38819, 'малина'),
(38820, 'гранола'),
(38821, 'червона цибуля'),
(38822, 'оливки'),
(38823, 'фета'),
(38824, 'римський салат'),
(38825, 'крутони'),
(38826, 'пармезан'),
(38827, 'майонез'),
(38828, 'анчоуси'),
(38829, 'зелений горошок'),
(38830, 'ковбаса'),
(38831, 'багет'),
(38832, 'моцарела'),
(38833, 'бальзамічний оцет'),
(38834, 'авокадо'),
(38835, 'кінза'),
(38836, 'лайм'),
(38837, 'кукурудзяні чіпси'),
(38838, 'еспресо'),
(38839, 'жовтки'),
(38840, 'маскарпоне'),
(38841, 'вершки'),
(38842, 'савоярді'),
(38843, 'какао-порошок'),
(38844, 'печиво'),
(38845, 'вершковий сир'),
(38846, 'ваніль'),
(38847, 'ванільний екстракт'),
(38848, 'желатин'),
(38849, 'ягоди'),
(38850, 'цукор для соусу'),
(38851, 'консервовані томати'),
(38852, 'мускатний горіх'),
(38853, 'коричневий цукор'),
(38854, 'часниковий порошок'),
(38855, 'цибульний порошок'),
(38856, 'кмин'),
(38857, 'насіння коріандру'),
(38858, 'насіння кумину'),
(38859, 'кардамон'),
(38860, 'чорний перець'),
(38861, 'гвоздика'),
(38862, 'кориця'),
(38863, 'сушений орегано'),
(38864, 'сушений базилік'),
(38865, 'сушений чебрець'),
(38866, 'сушений розмарин'),
(38867, 'сушений майоран'),
(38868, 'сушений чабер'),
(38869, 'яблука'),
(38870, 'масло'),
(38871, 'шоколад'),
(38872, 'дріжджі'),
(38873, 'болгарський перець'),
(38874, 'гречка'),
(38875, 'гриби'),
(38876, 'імбир'),
(38877, 'карі'),
(38878, 'кумин'),
(38879, 'куркума'),
(38880, 'солодкий перець'),
(38881, 'нут'),
(38882, 'кокосове молоко'),
(38883, 'цвітна капуста'),
(38884, 'листи лазаньї'),
(38885, 'рікота'),
(38886, 'томатний соус'),
(38887, 'макарони'),
(38888, 'кавун'),
(38889, 'м\'ята'),
(38890, 'огірок'),
(38891, 'червоний перець'),
(38892, 'винний оцет'),
(38893, 'ананас'),
(38894, 'ківі'),
(38895, 'виноград'),
(38896, 'кріп'),
(38897, 'манго'),
(38898, 'апельсиновий сік'),
(38899, 'кабачки'),
(38900, 'баклажани'),
(38901, 'спеції'),
(38902, 'м\'ясо'),
(38903, 'горіхи'),
(38904, 'сочевиця'),
(38905, 'вода або овочевий бульйон'),
(38906, 'цукрова пудра'),
(38907, 'сметана'),
(38908, 'ванільний цукор'),
(38909, 'сухофрукти'),
(38910, 'цукати'),
(38911, 'солоні огірки'),
(38912, 'креветки'),
(38913, 'петрушка'),
(38914, 'листкове тісто'),
(38915, 'мариновані огірки'),
(38916, 'гірчиця'),
(38917, 'сода'),
(38918, 'оцет'),
(38919, 'цукор для крему'),
(38920, 'тахіні'),
(38921, 'булгур'),
(38922, 'зелена цибуля'),
(38923, 'фарш з яловичини'),
(38924, 'мята'),
(38925, 'мясо'),
(38926, 'курка'),
(38927, 'панір'),
(38928, 'гарям масала'),
(38929, 'червона квасоля'),
(38930, 'виноградні листя'),
(38931, 'свинина');

-- --------------------------------------------------------

--
-- Структура таблицы `recipes_full`
--

DROP TABLE IF EXISTS `recipes_full`;
CREATE TABLE `recipes_full` (
  `id` int(11) NOT NULL,
  `servings` int(11) DEFAULT NULL,
  `preparation_time` int(11) DEFAULT NULL,
  `description` text DEFAULT NULL
) ENGINE=InnoDB DEFAULT CHARSET=utf8mb4 COLLATE=utf8mb4_general_ci;

--
-- Дамп данных таблицы `recipes_full`
--

INSERT INTO `recipes_full` (`id`, `servings`, `preparation_time`, `description`) VALUES
(32, 2, 10, 'Овсянка з фруктами - це ідеальний вибір для початку вашого дня. Для приготування, доведіть молоко до кипіння, додайте овсяні пластівці і варіть на слабкому вогні протягом 5 хвилин, постійно помішуючи. Після цього додайте нарізані банан та полуницю, а також мед за смаком. Перемішайте і подавайте гарячим.'),
(33, 1, 15, 'Омлет з сиром та овочами - це швидкий та смачний сніданок. Для приготування, збийте яйця з сіллю та перцем. На розігріту сковороду додайте трохи олії і вилийте яєчну суміш. Коли яйця почнуть схоплюватися, додайте нарізані помідори, шпинат та натертий сир. Закрийте сковороду кришкою і готуйте, поки сир не розплавиться. Подавайте гарячим.'),
(34, 3, 20, 'Панкейки з сиропом - це справжня насолода на сніданок. Для приготування, змішайте борошно, цукор, розпушувач та сіль у великій мисці. В іншій мисці збийте яйця з молоком. Поступово додайте сухі інгредієнти до рідких, добре перемішуючи. На розігріту сковороду влийте трохи тіста і смажте панкейки з обох сторін до золотистої скоринки. Подавайте з вашим улюбленим сиропом.'),
(35, 2, 30, 'Лосось запечений з овочами - це корисна і смачна вечеря. Для приготування, попередньо розігрійте духовку до 200 градусів. Наріжте овочі (моркву, кабачок, броколі) і викладіть на деко. Збризніть оливковою олією, посоліть і поперчіть. Лосось натріть сіллю, перцем і лимонним соком, покладіть на овочі. Запікайте 20-25 хвилин до готовності лосося. Подавайте гарячим.'),
(36, 4, 60, 'Курячий плов - це ароматна і смачна вечеря. Для приготування, наріжте куряче філе на кубики і обсмажте на олії до золотистої скоринки. Додайте нарізану цибулю, моркву і часник, смажте ще 5-7 хвилин. Додайте рис і спеції (кумін, коріандр, паприку), добре перемішайте. Влийте воду так, щоб вона покривала рис на 1-2 см. Зменшіть вогонь і тушкуйте під кришкою 30-40 хвилин до готовності рису. Подавайте гарячим.'),
(37, 4, 40, 'Вегетаріанське рагу - це ситна і корисна вечеря. Для приготування, наріжте кубиками картоплю, моркву, кабачок і баклажан. Обсмажте цибулю і часник на оливковій олії до м\'якості. Додайте нарізані овочі і смажте 10 хвилин, постійно помішуючи. Додайте томатну пасту, спеції (орегано, базилік, чебрець) і влийте овочевий бульйон. Тушкуйте під кришкою на слабкому вогні 20-25 хвилин до готовності овочів. Подавайте гарячим.'),
(38, 6, 90, 'Борщ - це традиційний український суп. Для приготування, наріжте буряк, картоплю, моркву, капусту і цибулю. Обсмажте буряк і моркву на олії до м\'якості. У великій каструлі закип\'ятіть воду і додайте нарізану картоплю та капусту. Додайте обсмажені буряк та моркву, а також нарізану цибулю і часник. Додайте томатну пасту, лавровий лист, сіль і перець. Варіть на слабкому вогні 60 хвилин. Подавайте гарячим зі сметаною і зеленню.'),
(39, 4, 60, 'Котлети з картопляним пюре - це ситний та смачний обід. Для приготування котлет, змішайте фарш з яйцем, натертим цибулею, сіллю та перцем. Сформуйте котлети і обсмажте їх на розігрітій олії з обох боків до золотистої скоринки. Для приготування пюре, зваріть картоплю до м\'якості, злийте воду і додайте молоко та вершкове масло. Розтовчіть картоплю до однорідної маси. Подавайте котлети з гарячим пюре.'),
(40, 4, 45, 'Картопля з куркою - це проста і смачна страва. Для приготування, наріжте картоплю і куряче філе на шматочки. Покладіть все у форму для запікання, додайте сіль, перець і трохи олії. Запікайте в розігрітій до 200 градусів духовці 35-40 хвилин. Подавайте гарячим.'),
(41, 2, 15, 'Салат з тунцем - це чудовий вибір для полуденка. Для приготування, наріжте свіжі овочі: помідори, огірки та салат. Додайте консервований тунець, попередньо злив рідину. Заправте оливковою олією, лимонним соком, сіллю та перцем. Добре перемішайте і подавайте одразу.'),
(42, 4, 30, 'Сирники - це смачний полуденок. Для приготування, змішайте сир, яйце, цукор і родзинки. Додайте борошно і добре перемішайте. Сформуйте маленькі сирники і обсмажте їх на розігрітій сковороді з обох боків до золотистої скоринки. Подавайте гарячими з медом або сметаною.'),
(43, 1, 5, 'Йогурт з ягодами та гранолою - це легкий і швидкий полуденок. Для приготування, викладіть йогурт у миску. Додайте свіжі ягоди (полуницю, чорницю, малину) і посипте гранолою. Перемішайте і подавайте одразу.'),
(44, 2, 15, 'Грецький салат - це легкий та освіжаючий салат. Для приготування, наріжте помідори, огірки та червону цибулю. Викладіть нарізані овочі в миску. Додайте оливки та нарізану кубиками фету. Збризніть салат оливковою олією, додайте сіль та орегано за смаком. Перемішайте і подавайте.'),
(45, 2, 20, 'Цезар з куркою - це смачний салат з соковитою куркою та хрусткими крутонами. Для приготування, обсмажте куряче філе на сковороді до готовності і наріжте на скибочки. Наріжте римський салат та викладіть у велику миску. Додайте курку, крутони та натертий пармезан. Для соусу змішайте майонез, часник, лимонний сік та анчоуси. Полийте салат соусом і добре перемішайте.'),
(46, 6, 30, 'Салат Олів\'є - це традиційний салат, що часто готують на Новий рік. Для приготування, наріжте варену картоплю, моркву, яйця, огірки та ковбасу кубиками. Додайте зелений горошок та майонез. Добре перемішайте, посоліть та поперчіть за смаком. Подавайте охолодженим.'),
(47, 4, 15, 'Брускетта з помідорами та базиліком - це класична італійська закуска. Для приготування, наріжте багет на тонкі скибочки і підсмажте їх на грилі або в духовці до золотистої скоринки. Натерти кожну скибочку часником. Наріжте помідори кубиками, змішайте з нарізаним базиліком, оливковою олією, сіллю та перцем. Викладіть помідорову суміш на підсмажений хліб і подавайте.'),
(48, 2, 10, 'Капрезе - це проста та смачна закуска. Для приготування, наріжте помідори та моцарелу на круглі скибочки. Викладіть їх на тарілку, чергуючи скибочки помідорів і сиру. Додайте свіжий базилік. Полийте оливковою олією та бальзамічним оцтом, посоліть та поперчіть за смаком. Подавайте одразу.'),
(49, 4, 10, 'Гуакамоле з чіпсами - це класична мексиканська закуска. Для приготування, розімніть авокадо в мисці. Додайте дрібно нарізані помідори, червону цибулю та кінзу. Вичавіть сік лайму та додайте сіль і перець за смаком. Добре перемішайте. Подавайте гуакамоле з кукурудзяними чіпсами.'),
(50, 6, 30, 'Тірамісу - це класичний італійський десерт. Для приготування, приготуйте еспресо і дайте йому охолонути. В окремій мисці збийте жовтки з цукром до отримання пишної маси. Додайте маскарпоне і добре перемішайте до однорідної консистенції. Окремо збийте вершки до густої маси і обережно додайте їх до суміші з маскарпоне. Занурюйте савоярді у охолоджену каву і викладайте їх на дно форми. Зверху викладіть половину крему. Повторіть шари і закінчіть кремом. Посипте какао-порошком і поставте в холодильник на кілька годин перед подачею.'),
(51, 8, 90, 'Чізкейк Нью-Йорк - це класичний десерт з кремовою текстурою. Для приготування, подрібніть печиво в крихту і змішайте з розтопленим вершковим маслом. Викладіть масу у форму і утрамбуйте. Випікайте основу при 180 градусах протягом 10 хвилин. В окремій мисці збийте вершковий сир, цукор і ваніль до однорідної маси. Додайте яйця по одному, добре перемішуючи після кожного. Влийте вершки і знову перемішайте. Вилийте масу на основу і випікайте при 160 градусах протягом 50-60 хвилин. Дайте чізкейку охолонути і поставте в холодильник на кілька годин перед подачею.'),
(52, 4, 20, 'Панна Котта з ягідним соусом - це ніжний італійський десерт. Для приготування, нагрійте вершки з цукром і ваніллю на слабкому вогні до розчинення цукру. Додайте замочений желатин і перемішайте до повного розчинення. Розлийте масу у форми і поставте в холодильник на кілька годин до застигання. Для соусу змішайте ягоди з цукром і доведіть до кипіння. Зніміть з вогню і дайте охолонути. Подавайте Панна Котту з охолодженим ягідним соусом.'),
(53, 4, 30, 'Томатний соус - це класичний соус для пасти або піци. Для приготування, наріжте дрібно цибулю і часник. Обсмажте їх на оливковій олії до м\'якості. Додайте консервовані томати, томатну пасту, сіль, перець і цукор. Доведіть до кипіння, потім зменшіть вогонь і тушкуйте на слабкому вогні протягом 20 хвилин, періодично помішуючи. Додайте подрібнений базилік за декілька хвилин до готовності. Подавайте гарячим.'),
(54, 4, 20, 'Соус бешамель - це класичний білий соус. Для приготування, розтопіть вершкове масло в каструлі на середньому вогні. Додайте борошно і, постійно помішуючи, готуйте 2-3 хвилини, не даючи суміші підрум\'янитися. Поступово вливайте молоко, постійно помішуючи, щоб уникнути утворення грудочок. Продовжуйте варити, поки соус не загусне. Додайте сіль, перець та мускатний горіх за смаком. Подавайте гарячим.'),
(55, 4, 10, 'Соус Гуакомоле - це класичний мексиканський соус. Для приготування, розімніть авокадо у мисці. Додайте дрібно нарізані помідори, червону цибулю та кінзу. Вичавіть сік лайму та додайте сіль і перець за смаком. Добре перемішайте. Подавайте як дип до чіпсів або як приправу до різних страв.'),
(56, 10, 5, 'Суха суміш спецій для барбекю - це ідеальна приправа для м\'яса та риби. Для приготування, змішайте паприку, коричневий цукор, сіль, перець, часниковий порошок, цибульний порошок, орегано та кмин у мисці. Добре перемішайте і зберігайте у герметичній банці. Використовуйте для натирання м\'яса перед барбекю.'),
(57, 10, 10, 'Гарам Масала - це популярна індійська суміш спецій. Для приготування, на сухій сковороді обсмажте насіння коріандру, кумину, кардамону, чорного перцю, гвоздики та кориці до ароматності. Дайте спеціям охолонути, а потім подрібніть їх у кавомолці або ступці до порошкоподібного стану. Зберігайте у герметичній банці. Використовуйте для приготування карі та інших індійських страв.'),
(58, 10, 5, 'Італійська приправа - це універсальна суміш для італійських страв. Для приготування, змішайте сушений орегано, базилік, чебрець, розмарин, майоран та чабер у мисці. Добре перемішайте і зберігайте у герметичній банці. Використовуйте для приправлення пасти, піци, соусів та інших страв.'),
(59, 8, 60, 'Шарлотка з яблуками - це класичний яблучний пиріг. Для приготування, збийте яйця з цукром до пишної маси. Додайте просіяне борошно і розпушувач, перемішайте до однорідної маси. Наріжте яблука скибочками і викладіть їх у змащену маслом форму для випічки. Вилийте тісто на яблука і розрівняйте. Випікайте при 180 градусах протягом 45-50 хвилин до золотистої скоринки. Подавайте охолодженим або теплим.'),
(60, 12, 45, 'Шоколадний брауні - це насичений шоколадний десерт. Для приготування, розтопіть масло і шоколад на водяній бані, добре перемішайте. В окремій мисці збийте яйця з цукром до пишної маси. Додайте шоколадну суміш, просіяне борошно і какао-порошок, перемішайте до однорідної маси. Вилийте тісто у змащену маслом форму для випічки. Випікайте при 180 градусах протягом 25-30 хвилин. Дайте охолонути і наріжте на квадратики перед подачею.'),
(61, 12, 120, 'Булочки з корицею - це м\'які та ароматні булочки. Для приготування, змішайте тепле молоко, цукор і дріжджі, дайте постояти 10 хвилин до утворення піни. Додайте збите яйце, розтоплене масло, сіль і просіяне борошно, замісіть тісто. Дайте тісту піднятися в теплому місці протягом 1 години. Розкачайте тісто у прямокутник, змажте розтопленим маслом і посипте сумішшю цукру і кориці. Згорніть тісто у рулет і наріжте на шматочки. Викладіть на деко і дайте піднятися ще 30 хвилин. Випікайте при 180 градусах протягом 25-30 хвилин до золотистої скоринки. Подавайте теплими.'),
(62, 4, 30, 'Картопляне пюре - це класичний гарнір. Для приготування, очистіть і наріжте картоплю на великі шматки. Варіть у підсоленій воді до м\'якості, приблизно 20 хвилин. Злийте воду і поверніть картоплю у каструлю. Додайте розтоплене масло і тепле молоко, розтовчіть до однорідної маси. Додайте сіль та перець за смаком. Подавайте гарячим.'),
(63, 4, 25, 'Рис з овочами - це легкий та корисний гарнір. Для приготування, відваріть рис у підсоленій воді до готовності. Наріжте моркву, болгарський перець та броколі на маленькі шматочки. Обсмажте овочі на олії до м\'якості, додайте сіль та перець за смаком. Змішайте овочі з готовим рисом. Подавайте гарячим.'),
(64, 4, 30, 'Гречана каша з грибами - це ситний та поживний гарнір. Для приготування, відваріть гречку у підсоленій воді до готовності. Наріжте гриби на скибочки і обсмажте на олії до золотистої скоринки. Додайте дрібно нарізану цибулю і смажте до м\'якості. Змішайте гриби та цибулю з готовою гречкою, додайте сіль та перець за смаком. Подавайте гарячим.'),
(65, 4, 40, 'Вегетаріанське карі з нутом - це смачна і поживна страва. Для приготування, наріжте цибулю, часник, імбир і обсмажте на олії до м\'якості. Додайте спеції (карі, кумин, куркума) і смажте ще хвилину. Додайте нарізані овочі (моркву, картоплю, солодкий перець) і смажте ще 5 хвилин. Додайте консервований нут і кокосове молоко, доведіть до кипіння, потім зменшіть вогонь і тушкуйте 20 хвилин до готовності овочів. Подавайте з рисом або хлібом наан.'),
(66, 4, 35, 'Запечена цвітна капуста з сиром - це смачна вегетаріанська страва. Для приготування, розберіть цвітну капусту на суцвіття і злегка відваріть у підсоленій воді 5 хвилин. Викладіть у змащену маслом форму для випічки. Приготуйте соус бешамель: розтопіть масло, додайте борошно і варіть, помішуючи, 2 хвилини. Поступово влийте молоко, помішуючи, поки соус не загусне. Додайте тертий сир і перемішайте до однорідності. Вилийте соус на цвітну капусту і запікайте при 180 градусах 25 хвилин до золотистої скоринки.'),
(67, 6, 60, 'Лазання зі шпинатом та рікотою - це смачна і ситна вегетаріанська страва. Для приготування, відваріть листи лазаньї до напівготовності. Приготуйте начинку: обсмажте нарізану цибулю та часник на олії до м\'якості, додайте свіжий шпинат і тушкуйте до в\'янення. Дайте охолонути, потім змішайте зі сиром рікота, яйцем, сіллю та перцем. На дно форми для випічки викладіть шар томатного соусу, потім шар листів лазаньї, далі начинку зі шпинатом та рікотою. Повторіть шари, закінчуючи шаром томатного соусу і тертим сиром моцарела. Запікайте при 180 градусах 40 хвилин до золотистої скоринки. Дайте настоятися 10 хвилин перед подачею.'),
(68, 6, 60, 'Ліниві голубці - це швидкий та простий варіант традиційних голубців. Для приготування, наріжте капусту та злегка відваріть у підсоленій воді до м\'якості. Змішайте фарш, відварений рис, нарізану цибулю та моркву, додайте сіль, перець і спеції за смаком. У великій каструлі або глибокій сковороді розігрійте олію, викладіть половину капусти, потім шар фаршу з рисом, і знову шар капусти. Залийте томатним соусом або сумішшю томатної пасти і води. Тушкуйте на середньому вогні протягом 30-40 хвилин до готовності. Подавайте гарячим.'),
(69, 4, 20, 'Ліниві вареники - це швидка та смачна страва. Для приготування, змішайте сир, яйця, цукор і сіль до однорідної маси. Додайте просіяне борошно і замісіть м\'яке тісто. Зробіть ковбаски з тіста і наріжте на маленькі шматочки. Варіть у підсоленій воді до тих пір, поки вареники не спливуть на поверхню, приблизно 2-3 хвилини. Подавайте з вершковим маслом або сметаною.'),
(70, 6, 45, 'Лінива лазанья - це швидкий варіант класичної страви. Для приготування, відваріть макарони до напівготовності. Обсмажте фарш на сковороді з нарізаною цибулею та часником до золотистої скоринки. Додайте томатний соус, сіль, перець і спеції за смаком, тушкуйте 10 хвилин. У великій формі для запікання викладіть шар макаронів, потім шар фаршу, потім сир. Повторіть шари, закінчуючи сиром. Запікайте при 180 градусах протягом 20-25 хвилин до золотистої скоринки. Подавайте гарячим.'),
(71, 4, 15, 'Літній салат з кавуном і фетою - це освіжаюча страва. Для приготування, наріжте кавун на кубики і видаліть кісточки. Наріжте сир фета кубиками. Змішайте кавун, фету і оливки у великій мисці. Додайте свіжу м\'яту і полийте оливковою олією. Посоліть і поперчіть за смаком. Добре перемішайте і подавайте одразу.'),
(72, 4, 20, 'Гаспачо - це класичний іспанський холодний суп. Для приготування, наріжте помідори, огірки, червоний перець, цибулю і часник на великі шматки. Помістіть усі овочі у блендер і збийте до однорідної маси. Додайте оливкову олію, винний оцет, сіль і перець за смаком. Подавайте суп холодним, прикрасивши свіжими травами і додавши кубики льоду за бажанням.'),
(73, 4, 10, 'Літній фруктовий салат - це освіжаюча і легка страва. Для приготування, наріжте свіжі фрукти (полуницю, ананас, ківі, виноград) на невеликі шматочки. Помістіть їх у велику миску. Додайте свіжу м\'яту і полийте лимонним соком. Добре перемішайте і подавайте одразу.'),
(74, 4, 10, 'Салат з огірків і йогурту - це освіжаючий літній салат. Для приготування, наріжте огірки тонкими скибочками. В окремій мисці змішайте йогурт, дрібно нарізаний кріп, сіль та перець. Додайте нарізані огірки і добре перемішайте. Подавайте одразу або охолодіть перед подачею.'),
(75, 2, 5, 'Фруктовий смузі з манго і бананом - це ідеальний літній напій. Для приготування, очистіть манго і банан, наріжте на шматочки. Помістіть фрукти у блендер, додайте апельсиновий сік і збийте до однорідної маси. Подавайте одразу, прикрасивши шматочками фруктів або листочками м\'яти.'),
(76, 4, 20, 'Грильовані овочі - це чудова літня страва. Для приготування, наріжте кабачки, баклажани, болгарський перець та червону цибулю на великі шматки. Змішайте овочі з оливковою олією, сіллю, перцем та улюбленими спеціями. Розігрійте гриль і викладіть овочі на решітку. Грилюйте по 5-7 хвилин з кожного боку до золотистої скоринки. Подавайте гарячими або кімнатної температури.'),
(77, 8, 120, 'Борщ - це традиційний український суп, ідеальний для зимового періоду. Для приготування, наріжте м\'ясо на кубики і варіть у великій каструлі з водою, додаючи лавровий лист і сіль. Наріжте буряк, моркву, картоплю та капусту. Обсмажте буряк і моркву на сковороді з олією. Додайте нарізані овочі до каструлі з м\'ясом, додайте томатну пасту і варіть на слабкому вогні до готовності овочів. Подавайте гарячим зі сметаною і зеленню.'),
(78, 4, 45, 'Гречана каша з грибами - це ситна та поживна зимова страва. Для приготування, відваріть гречку у підсоленій воді до готовності. Наріжте гриби і цибулю, обсмажте на сковороді з олією до золотистої скоринки. Додайте гриби та цибулю до гречки і перемішайте. Подавайте гарячим.'),
(79, 4, 30, 'Запечені яблука з медом і горіхами - це смачний і здоровий зимовий десерт. Для приготування, видаліть серцевину яблук і наріжте їх навпіл. Викладіть яблука у форму для запікання, наповніть кожну половинку медом і подрібненими горіхами. Запікайте при 180 градусах протягом 20 хвилин до м\'якості яблук. Подавайте теплими.'),
(80, 4, 20, 'Макарони з томатним соусом - це простий і недорогий рецепт. Для приготування, відваріть макарони у підсоленій воді до готовності. У той час наріжте цибулю і часник, обсмажте їх на олії до золотистого кольору. Додайте подрібнені помідори або томатний соус, посоліть, поперчіть і тушкуйте на слабкому вогні 10 хвилин. Змішайте готові макарони з соусом і подавайте гарячими.'),
(81, 4, 30, 'Картопляні деруни - це смачний і недорогий рецепт. Для приготування, натріть картоплю і цибулю на терці. Відтисніть зайву рідину і змішайте з яйцем, борошном, сіллю та перцем. Розігрійте олію на сковороді і обсмажуйте деруни по 2-3 хвилини з кожного боку до золотистого кольору. Подавайте гарячими зі сметаною.'),
(82, 6, 40, 'Сочевичний суп - це поживний і недорогий рецепт. Для приготування, наріжте цибулю, моркву і картоплю на кубики. Обсмажте цибулю і моркву на олії до м\'якості. Додайте сочевицю, картоплю і воду або овочевий бульйон. Доведіть до кипіння, потім зменшіть вогонь і варіть 30 хвилин до готовності сочевиці. Посоліть і поперчіть за смаком. Подавайте гарячим.'),
(83, 10, 180, 'Паска - це традиційний великодній хліб. Для приготування, змішайте тепле молоко з дріжджами і цукром, дайте постояти 10 хвилин. Додайте яйця, розтоплене масло, сіль і ванільний екстракт. Поступово додайте просіяне борошно і замісіть тісто. Додайте родзинки і вимішайте тісто. Дайте тісту піднятися в теплому місці протягом 1 години. Викладіть тісто у змащену маслом форму і дайте піднятися ще 30 хвилин. Випікайте при 180 градусах 40-45 хвилин. Дайте охолонути і покрийте глазур\'ю з цукрової пудри і лимонного соку.'),
(84, 8, 180, 'Сирна паска - це традиційний великодній десерт. Для приготування, змішайте сир, сметану, м\'яке масло і цукор до однорідної маси. Додайте ванільний цукор, подрібнені сухофрукти і цукати. Викладіть суміш у форму, вистелену марлею, і притисніть зверху гнітом. Залиште в холодильнику на 12 годин. Перед подачею прикрасьте сухофруктами і цукатами.'),
(85, 6, 40, 'Великодній вінегрет - це смачний і яскравий салат для свята. Для приготування, відваріть буряк, картоплю і моркву до готовності. Наріжте овочі на кубики. Додайте зелений горошок і нарізані солоні огірки. Заправте салат оливковою олією, сіллю та перцем. Добре перемішайте і подавайте охолодженим.'),
(86, 4, 25, 'Салат Цезар з куркою - це популярна святкова страва. Для приготування, обсмажте куряче філе на сковороді до готовності і наріжте на скибочки. Наріжте римський салат і викладіть у велику миску. Додайте курку, крутони і тертий пармезан. Для соусу змішайте майонез, часник, лимонний сік і анчоуси. Полийте салат соусом і добре перемішайте. Подавайте одразу.'),
(87, 4, 15, 'Смажені креветки в часниковому маслі - це швидка і смачна страва для свята. Для приготування, розтопіть вершкове масло на сковороді, додайте подрібнений часник і обсмажуйте до золотистого кольору. Додайте креветки і смажте 3-4 хвилини з кожного боку до готовності. Додайте лимонний сік, сіль і перець за смаком. Подавайте одразу, прикрасивши свіжою петрушкою.'),
(88, 10, 180, 'Торт \"Наполеон\" - це класичний святковий десерт. Для приготування, розкачайте листкове тісто і наріжте на рівні прямокутники. Випікайте при 200 градусах до золотистого кольору. Для крему, збийте яйця з цукром, додайте молоко і нагрівайте на слабкому вогні, постійно помішуючи, поки маса не загусне. Додайте ванільний екстракт і дайте охолонути. Промастіть кожен корж кремом і складіть їх один на одного. Змажте верх і боки торта кремом і посипте крихтами з коржів. Залиште в холодильнику на кілька годин перед подачею.'),
(89, 8, 30, 'Олів\'є - це традиційний новорічний салат. Для приготування, відваріть картоплю, моркву і яйця до готовності. Наріжте всі інгредієнти на дрібні кубики: картоплю, моркву, яйця, ковбасу та мариновані огірки. Додайте зелений горошок і майонез. Добре перемішайте і подавайте охолодженим.'),
(90, 6, 20, 'Фаршировані яйця - це популярна закуска для свят. Для приготування, відваріть яйця круто. Очистіть і розріжте їх навпіл. Вийміть жовтки і змішайте їх з майонезом, гірчицею, сіллю і перцем до однорідної маси. Наповніть білки отриманою сумішшю. Прикрасьте паприкою або зеленню за бажанням. Подавайте охолодженими.'),
(91, 10, 240, 'Медовий торт - це смачний десерт для святкового столу. Для приготування, розтопіть мед і масло на водяній бані, додайте цукор і яйця, добре перемішайте. Додайте соду, погашену оцтом, і поступово введіть борошно, замішуючи тісто. Розділіть тісто на кілька частин і розкачайте у тонкі коржі. Випікайте кожен корж при 180 градусах до золотистого кольору. Для крему збийте сметану з цукром до густої маси. Перемажте кожен корж кремом і складіть один на одного. Прикрасьте горіхами або крихтами з коржів. Дайте настоятися у холодильнику кілька годин перед подачею.'),
(92, 8, 180, 'Борщ з пампушками - це традиційна українська страва. Для приготування борщу, наріжте м\'ясо на кубики і варіть у великій каструлі з водою, додаючи лавровий лист і сіль. Наріжте буряк, моркву, картоплю та капусту. Обсмажте буряк і моркву на сковороді з олією. Додайте нарізані овочі до каструлі з м\'ясом, додайте томатну пасту і варіть на слабкому вогні до готовності овочів. Для пампушок, замісіть тісто з дріжджів, води, борошна і солі, дайте піднятися. Сформуйте маленькі кульки і запікайте при 200 градусах до золотистої скоринки. Готові пампушки змастіть часниковим соусом (часник, олія, сіль). Подавайте борщ з пампушками гарячим.'),
(93, 6, 90, 'Вареники з картоплею - це традиційна українська страва. Для приготування тіста, змішайте борошно, яйце, воду і сіль, замісіть тісто і дайте йому відпочити. Для начинки, відваріть картоплю до готовності, зробіть пюре. Наріжте цибулю і обсмажте до золотистого кольору, додайте до картопляного пюре. Розкачайте тісто, виріжте круги, викладіть начинку і заліпіть краї. Варіть вареники у підсоленій воді до готовності. Подавайте з вершковим маслом або сметаною.'),
(94, 6, 60, 'Гречаники - це традиційні українські котлети. Для приготування, відваріть гречку до готовності. Змішайте з фаршем, дрібно нарізаною цибулею і часником, додайте яйце, сіль і перець. Формуйте котлети і обсмажуйте на сковороді до золотистого кольору з обох боків. Подавайте гарячими зі сметаною або улюбленим соусом.'),
(95, 4, 15, 'Хумус - це класична арабська закуска. Для приготування, змішайте відварений нут, тахіні, часник, лимонний сік та оливкову олію в блендері до отримання однорідної маси. Додайте сіль і перець за смаком. Подавайте з оливковою олією та паприкою, прикрашеною свіжою петрушкою. Подавайте з пітою або свіжими овочами.'),
(96, 4, 20, 'Табуле - це освіжаючий арабський салат. Для приготування, замочіть булгур у гарячій воді на 10 хвилин до м\'якості, потім злийте воду. Наріжте дрібно петрушку, м\'яту, помідори та зелену цибулю. Змішайте всі інгредієнти у великій мисці, додайте лимонний сік, оливкову олію, сіль і перець за смаком. Добре перемішайте і подавайте охолодженим.'),
(97, 6, 30, 'Кебаб - це популярна арабська страва з м\'яса. Для приготування, змішайте фарш з яловичини з дрібно нарізаною цибулею, часником, петрушкою та спеціями (кумін, коріандр, паприка, сіль, перець). Формуйте з фаршу довгі ковбаски і нанизуйте їх на шампури. Смажте кебаби на грилі або сковороді до готовності, приблизно 10-12 хвилин, перевертаючи з усіх боків. Подавайте гарячими з лавашем і овочами.'),
(98, 4, 60, 'Курячий карі - це популярна індійська страва. Для приготування, обсмажте нарізану цибулю, часник та імбир на олії до золотистого кольору. Додайте спеції (куркума, кумін, коріандр, паприка) і смажте ще хвилину. Додайте нарізану курку і обсмажте до готовності. Додайте томатну пасту і кокосове молоко, зменшіть вогонь і тушкуйте до готовності. Подавайте з рисом або чапаті.'),
(99, 4, 45, 'Дал - це популярна індійська страва з сочевиці. Для приготування, промийте сочевицю і варіть у воді до готовності. На сковороді обсмажте дрібно нарізану цибулю, часник, імбир і спеції (кумін, куркума, коріандр) на олії до ароматності. Додайте до сочевиці, перемішайте і тушкуйте ще кілька хвилин. Подавайте гарячим з рисом або чапаті.'),
(100, 4, 40, 'Саг панір - це смачна індійська страва з шпинату та паніру. Для приготування, обсмажте панір до золотистого кольору і відкладіть. У великій каструлі обсмажте цибулю, часник і імбир на олії до м\'якості. Додайте шпинат і тушкуйте до м\'якості. Змішайте в блендері до однорідності. Додайте спеції (гарям масала, кумін, куркума), панір і тушкуйте ще кілька хвилин. Подавайте гарячим з рисом або нааном.'),
(101, 4, 90, 'Хачапурі по-аджарськи - це популярна грузинська страва. Для приготування тіста, змішайте борошно, дріжджі, воду, олію та сіль, замісіть тісто і дайте йому піднятися. Розкачайте тісто у формі човника, викладіть натертий сир і запікайте при 220 градусах до золотистого кольору. В кінці додайте сире яйце і запікайте ще кілька хвилин. Подавайте гарячим.'),
(102, 4, 120, 'Хінкалі - це традиційні грузинські пельмені. Для приготування тіста, змішайте борошно, воду, сіль і замісіть тісто. Для начинки, змішайте фарш з яловичини та свинини з дрібно нарізаною цибулею, часником, петрушкою і спеціями (кумін, чорний перець). Розкачайте тісто, викладіть начинку і заліпіть краї у формі мішечків. Варіть хінкалі у підсоленій воді до готовності. Подавайте гарячими.'),
(103, 4, 60, 'Лобіо - це традиційна грузинська страва з червоної квасолі. Для приготування, замочіть квасолю на ніч, потім варіть до готовності. Обсмажте дрібно нарізану цибулю і часник на олії до м\'якості. Додайте варену квасолю, томатну пасту, спеції (кінзу, кумін, паприку) і тушкуйте ще кілька хвилин. Подавайте гарячим з коріандром та гранатовими зернами.'),
(104, 6, 120, 'Долма - це популярна вірменська страва. Для приготування, змішайте фарш з яловичини з відвареним рисом, дрібно нарізаною цибулею, часником, петрушкою, кінзою, сіллю та перцем. Виноградні листя занурте у киплячу воду на кілька хвилин, потім промийте холодною водою. Викладіть начинку на листя і згорніть їх. Укладіть долму у каструлю, залийте водою та тушкуйте на слабкому вогні протягом години. Подавайте з мацуном або йогуртом.'),
(105, 6, 90, 'Хоровац - це традиційний вірменський шашлик. Для приготування, наріжте свинину на кубики і замаринуйте з цибулею, часником, оливковою олією, лимонним соком, сіллю, перцем, кмином та паприкою протягом кількох годин або на ніч. Нанизуйте м\'ясо на шампури і смажте на грилі або вугіллі до готовності, приблизно 15-20 хвилин. Подавайте гарячим з лавашем та овочами.'),
(106, 8, 120, 'Лаваш - це традиційний вірменський хліб. Для приготування, змішайте борошно, воду і сіль, замісіть тісто і дайте йому піднятися. Розділіть тісто на невеликі кульки і розкачайте їх у тонкі круглі коржі. Випікайте лаваш у розігрітій до 250 градусів духовці на камені для випічки або деку протягом 1-2 хвилин до утворення золотистих плям. Подавайте теплим або використовуйте для приготування бутербродів.');

-- --------------------------------------------------------

--
-- Структура таблицы `recipes_short`
--

DROP TABLE IF EXISTS `recipes_short`;
CREATE TABLE `recipes_short` (
  `id` int(11) NOT NULL,
  `title` varchar(50) DEFAULT NULL,
  `short_info` text DEFAULT NULL,
  `image_url` varchar(255) DEFAULT NULL
) ENGINE=InnoDB DEFAULT CHARSET=utf8mb4 COLLATE=utf8mb4_general_ci;

--
-- Дамп данных таблицы `recipes_short`
--

INSERT INTO `recipes_short` (`id`, `title`, `short_info`, `image_url`) VALUES
(32, 'Овсянка з фруктами ', 'Ситний та здоровий сніданок з овсянки та свіжих фруктів', 'b21841f2c61cded1b61a3145159e545f83ba39a43cb8c47a2521e6b8ae5692c1.jpg'),
(33, 'Омлет з сиром та овочами', 'Поживний омлет з сиром, помідорами та шпинатом', '203877f1c1a78495bfbba0dad6f013e59500b3846b2bc3c739e26ae276b699c9.jpg'),
(34, 'Панкейки з сиропом', 'Ніжні панкейки з солодким сиропом', '0a2e43f908d5264ad0421caf31f99982fb56d1fe385cbc5b6f38995f52b907d7.jpg'),
(35, 'Лосось запечений з овочами', 'Соковитий лосось, запечений з овочами', '74498933191bf051a0addb7b4e0daa9aa12e59e3af16b43c3067c6ee1bef0b20.jpg'),
(36, 'Курячий плов', 'Ароматний плов з куркою', '39a0d084fe80c95668786a2cc9b08a44704b162e077eb80c4b97aba1febfdce8.jpg'),
(37, 'Вегетаріанське рагу', 'Ситне овочеве рагу', '8a91c754cad55d3f65b676f34d43ed85fb36d84aee3adb2add6f1caa18854ae9.jpg'),
(38, 'Борщ', 'Традиційний український борщ', '689a3d74193a8e29ee14b001223c59cec9275caae0d64c298af129173d1fd52f.jpg'),
(39, 'Котлети з картопляним пюре', 'Домашні котлети з ніжним картопляним пюре', 'e904531176c8d8fddb98dd4b9f5bf2bbf681ce7195f6d5bb49e76ee04b4a4a5a.jpg'),
(40, 'Картопля з куркою', 'Запечена картопля з куркою', '17eef42c7d0f57a806f9d95c4fc5ad2b761856f7ac98e184fbaae02449be489e.webp'),
(41, 'Салат з тунцем', 'Легкий і поживний салат з тунцем', 'ee6d061ff0be1881c3579ee6a5a19df65b81927b0f896f857b8deeb8f8b150b3.jpg'),
(42, 'Сирники', 'Традиційні сирники з родзинками', 'dbfa8f271e80a6e576512c0bcd13252a52375445cead9a0fdd49fc7762b17494.jpg'),
(43, 'Йогурт з ягодами та гранолою', 'Свіжий йогурт з ягодами та хрусткою гранолою', 'dbb9da46f19d42ad535d606ab096109b2f38359352ad1827701199e3a0935fbd.jpg'),
(44, 'Грецький салат', 'Світлий та освіжаючий грецький салат з помідорами, огірками, оливками та фетою', '5d8f201d8ad5031a6b681d7f6c320dc0d188545d86966b6c077f5112c50c16e2.jpg'),
(45, 'Цезар з куркою', 'Популярний салат Цезар з соковитою куркою та хрусткими крутонами', '2361cb3c46ece1338edcef00c7336e209180285bbc5ff8f6ea4946e81f505f42.png'),
(46, 'Салат Олів\'є', 'Класичний новорічний салат з овочами, яйцями та ковбасою', '5cc280a1cf4febffc049be6c32b5cf21bfc855d100ac78ba87fadf4bc3250145.jpg'),
(47, 'Брускетта з помідорами та базиліком', 'Класична італійська закуска з помідорами, базиліком та часником', 'fdb8cf3c8e0f8e4a060707c050a3a5cc17f9ebddc6feec2bbd0632d52b4a1fac.png'),
(48, 'Капрезе', 'Проста та смачна закуска з помідорів, моцарели та базиліку', '73289802cb86cf51abc75cef97034fcd339521799fe3c7bbf692955b2a9126c8.webp'),
(49, 'Гуакамоле з чіпсами', 'Класична мексиканська закуска з авокадо, томатів та лайму', 'aa83b6dcb875f087073e42c6d986cd4821569b6d75ebc067f98779be8d7f2711.jpg'),
(50, 'Тірамісу', 'Класичний італійський десерт з кавою та сиром маскарпоне', '2e771c3b1aaf26faacd70aaf830432ea6c4b67e3ef3856c162463c5109b271e9.jpg'),
(51, 'Чізкейк Нью-Йорк', 'Класичний чізкейк з кремовою текстурою та основою з печива', '2e8a1504d1a4e202e9f0f19bacfdd892435f1ec7c7756d0de74b0b925428d917.jpg'),
(52, 'Панна Котта з ягідним соусом', 'Ніжний італійський десерт з вершків з ягідним соусом', '63c0444833d2997187d4cf4aaa1366b6260ffb6922f68ed20c1cb613a08a7fb3.webp'),
(53, 'Томатний соус', 'Класичний томатний соус для пасти або піци', '0c6df27d097394f1b8c8d7cca5cad4ecb474f92948d2d10c299bdd6deb55e7a5.png'),
(54, 'Соус бешамель', 'Класичний білий соус, який використовується для лазаньї та інших страв', '511e34d57783adf3297c922d0e5817439cd5f4a21caf39df0a2c640cdb49c151.webp'),
(55, 'Соус Гуакомоле', 'Класичний мексиканський соус з авокадо, помідорами та лаймом', '261d7a354d3a6dac13b761585143b99afb370f8250adda7c5a961c79257db98a.jpg'),
(56, 'Суха суміш спецій для барбекю', 'Ароматна суха суміш спецій для барбекю', '16881b3b41b751e09f4feb0651eb668790d4bd53044e02e4191d37cf2b964f1b.webp'),
(57, 'Гарам Масала', 'Індійська суміш спецій для різних страв', '75dc6659a9324b96bbc523a475d3f96e140da42c97ce72ebbbc383f822742bdb.jpg'),
(58, 'Італійська приправа', 'Суміш сушених трав для італійських страв', '17398df841e1857c912eb8319bf211caf1275005c957be739d580027637d933b.jpg'),
(59, 'Шарлотка з яблуками', 'Традиційний яблучний пиріг з ніжним бісквітним тістом', '20bfc3e912f0f6d34329739ed4436da375c504f9af1e4899fc4fa2163e3fe9e9.jpg'),
(60, 'Шоколадний брауні', 'Насичений шоколадний десерт з хрусткою скоринкою і ніжною серединою', 'bf75718aa62274b0315a77ee6ea46b40e0b3b5dddac2fd715eb49c492620bce4.jpg'),
(61, 'Булочки з корицею', 'М\'які та ароматні булочки з корицею і цукром', '4e80982a460e5ba9cf76e569fa5eceb9573ed3ee43f26fdd0cecea0be17572d6.jpg'),
(62, 'Картопляне пюре', 'Класичний гарнір з ніжного картопляного пюре з маслом та молоком', '35b7ea23a90eeb756fd45b1d524346c73493fbeb259b9e84f1480af7e169d39c.jpg'),
(63, 'Рис з овочами', 'Легкий та корисний гарнір з рису та свіжих овочів', '937bd88bb8d73318585f7ba977a4a037c4582015984c8a4a137121ddc4096564.jpg'),
(64, 'Гречана каша з грибами', 'Ситний та поживний гарнір з гречки та смажених грибів', '97237a563725281adea88a53e577e707eafa30ac2927a2d54555b963e7121ff6.jpg'),
(65, 'Вегетаріанське карі з нутом', 'Ароматне карі з нутом, овочами та кокосовим молоком', 'b445b00bd0656c5a14ce05780d337b9dd6e92395ea0971a29bb2153cb6385b54.webp'),
(66, 'Запечена цвітна капуста з сиром', 'Запечена цвітна капуста з хрусткою сирною скоринкою', '3d4efb94b6898f1594414f20690e5e1855bf54b1377e8e663e349231e090f3ad.jpg'),
(67, 'Лазання зі шпинатом та рікотою', 'Смачна вегетаріанська лазанья зі шпинатом та сиром рікота', '32696528bcaea716186d96b4fcbb4287297c97c2f16d16f14b9589590b23c336.jpg'),
(68, 'Ліниві голубці', 'Швидкий варіант традиційних голубців без необхідності загортати капусту', '45fa086d23ec2b4a7677ab6cdd60f2413be41f23a811a5165305f5a1e8eb477b.jpg'),
(69, 'Ліниві вареники', 'Швидкі та прості у приготуванні вареники з сиром', 'a2e3565470c2e492d27ae1c4d3fef2f2061214911a5125b7af5fe71ac56b1068.webp'),
(70, 'Лінива лазанья', 'Швидкий варіант лазаньї з використанням готових макаронів', '323695e6ff84506e0c1d4ec31165c73e8164e66120863302f3a1ed372f622edb.jpg'),
(71, 'Літній салат з кавуном і фетою', 'Освіжаючий салат з кавуном, сиром фета, м\'ятою і оливками', '5bc8b53fcb8e3b74f956994564d717d41cdc52d279559c652bff82aaa8e4adb4.jpg'),
(72, 'Гаспачо', 'Класичний іспанський холодний суп з помідорів та овочів', 'a2d2d81652e91ebc59457f0655e513752ef57a6010e6dbde56110bd99400d5e7.jpg'),
(73, 'Літній фруктовий салат', 'Освіжаючий салат зі свіжих фруктів з м\'ятою та лимонним соком', 'cebcb48b712dae21f042df5a2a42c36ff848993320236d8ddce0659d8d66c59e.jpg'),
(74, 'Салат з огірків і йогурту', 'Освіжаючий літній салат з огірків, йогурту та свіжого кропу', '4a02948ca8871aed6956eee22c57b2d20a3dc58358d6c2f213a9879502efae81.jpg'),
(75, 'Фруктовий смузі з манго і бананом', 'Освіжаючий смузі з манго, бананом та апельсиновим соком', 'bd390f1039b87e3258f8a2c1623f7a8f68058331d8198f6ad4ca70c498330821.jpg'),
(76, 'Грильовані овочі', 'Смачні та здорові грильовані овочі з оливковою олією та спеціями', 'd394f6a4648709f6b6972f9967758669b3f435dd59512c92e2c7152f7fee83df.jpg'),
(77, 'Борщ', 'Традиційний український борщ з буряком, капустою та м\'ясом', '6c12eda2c092065f6d22f1dcf37c218437037cd138e3c905addb8ef6828b38b4.jpg'),
(78, 'Гречана каша з грибами', 'Ситна та поживна гречана каша з лісовими грибами та цибулею', '7c2140ed0bc81eb05e00bac74725d1c2ef2e12d5527241a38a7acd84d18ae58c.webp'),
(79, 'Запечені яблука з медом і горіхами', 'Смачний та здоровий десерт з запечених яблук, меду та горіхів', 'c98519ca9bcadf1b9b846f607ccd8e91e39f975583f7b391e7fbd0e74bc48b4f.jpg'),
(80, 'Макарони з томатним соусом', 'Простий і недорогий рецепт макаронів з домашнім томатним соусом', '45331dc31138f235cc0cf61fc8fe7240ec40c8cbe2e06433f2c38811fd508bee.jpg'),
(81, 'Картопляні деруни', 'Простий і дешевий рецепт картопляних дерунів', '54b799ecbe2ee0c7970440fe52f2b7e9596ed7723602c898fafb65b713216283.jpg'),
(82, 'Сочевичний суп', 'Поживний і дешевий сочевичний суп з овочами', 'fe8e9970207449dcdb2c55ebd8b899aa53d30baf4d9a8f227975b05bbfe2ab10.jpg'),
(83, 'Паска (Куліч)', 'Традиційна українська великодня паска з родзинками і глазур\'ю', 'd7a3d9821fd4db84e24bfd9e50fbc1dddb003d45625671b7bff4006a783e06a6.png'),
(84, 'Сирна паска', 'Традиційна сирна паска з сухофруктами і цукатами', '953d30dea3f447063d432ae8a12758ea4eb48f8bc32a57078e72a2304d88d227.jpg'),
(85, 'Великодній вінегрет', 'Святковий салат з буряком, картоплею, морквою і зеленим горошком', '5e6c8c7ae9a932da89c3b6e81ee311aa8035655d731c83c612f0660ceaaad176.jpg'),
(86, 'Салат Цезар з куркою', 'Популярний салат з соковитою куркою, пармезаном і крутонами', '5549eeba7121d85c0fb1a1245975b144f15d29ccae0729f0f4ee253c26d72285.jpg'),
(87, 'Смажені креветки в часниковому маслі', 'Ароматні креветки, смажені в часниковому маслі з лимонним соком', '8b3bc588de56172ab4a4bfc24196ac3f2e0ff272cdde8d67476853e75880ce8c.jpg'),
(88, 'Торт Наполеон', 'Класичний торт з тонких коржів та ніжним заварним кремом', '8819c3a86d8412bc3c6e437085fa78477459254f1784c5aec7e98dc4d46cfed8.jpg'),
(89, 'Олів\'є', 'Класичний новорічний салат з картоплі, моркви, горошку, ковбаси і майонезу', '37521b73d10afb95f308abced34b6c5f342e0928c2975b986606da3d85035cab.jpg'),
(90, 'Фаршировані яйця', 'Смачна закуска з фаршированих яєць з майонезом і гірчицею', 'eb24ac37f6dd3f2f955259fbd51c3cb230ef6a015e9165fbb36139757a060cb9.jpg'),
(91, 'Медовий торт', 'Ніжний медовий торт з вершковим кремом і горіхами', '4d551603508308a5c84c5d75ab5829b026118ca0560fdaa68a8f0aacc0fae9e9.jpg'),
(92, 'Борщ з пампушками', 'Традиційний український борщ з буряком, капустою, м\'ясом та пампушками з часником', 'b0c7ca5654028751bf26f4f47bbd0408da6a6a69d949fb3a4981abdc7c983695.png'),
(93, 'Вареники з картоплею', 'Традиційні українські вареники з начинкою з картоплі та цибулі', '2fa91ab285b710db4b1541e8a97928be6413133eb95f28ade68f5de786d983e0.jpg'),
(94, 'Гречаники', 'Традиційні українські котлети з гречки і м\'яса', 'd7a0222c093d5695769d03899c1b954dbdc50a4b66a51bb08ae5ac92d0668396.jpg'),
(95, 'Хумус', 'Класична арабська закуска з нуту, тахіні, часнику та лимонного соку', '3d1aeb3734bcd7171783ba84ec56173497751aa66b2df3136f7e90da821a9a4b.png'),
(96, 'Табуле', 'Освіжаючий салат з булгуру, петрушки, м\'яти, помідорів та лимонного соку', '00e4c317b71a5109aca1df8fa935ec2a910ce7fe80ceb3d19e031a164fe8ed3f.jpg'),
(97, 'Кебаб', 'Ароматний кебаб з яловичини з цибулею, часником та спеціями', 'd685e4f0583566f363d4b988b8dc7febbfef152a821fb0f9487d0e56db5db66c.jpg'),
(98, 'Курячий карі', 'Традиційний індійський карі з куркою, спеціями та кокосовим молоком', 'e08b80b7090294d7cb3e3274fdc29b22cc8acad8154444c3a65dcdde4727d156.png'),
(99, 'Дал', 'Традиційна індійська страва з сочевиці зі спеціями', 'b37f40dfaccdee0b1663d974e7512157c9ed482bb532b7f343934870fa719173.jpg'),
(100, 'Саг панір', 'Популярна індійська страва з шпинату та паніру (індійського сиру)', '21b0c6d911a069a33b19a21be4f20395045dfd2bf431732c99e95415b2696dd8.jpg'),
(101, 'Хачапурі по-аджарськи', 'Традиційна грузинська страва з тіста, сиру та яйця', '9c4cf4fc2fcf40c240eaedae357e5e638c085e66a1e4743977b52568947af877.jpg'),
(102, 'Хінкалі', 'Традиційні грузинські пельмені з м\'ясом і спеціями', '2142a2bb429fae0b8e30f2de8b4cce72de1bf533a7861c86f47ba13bc413a96a.jpg'),
(103, 'Лобіо', 'Грузинська страва з червоної квасолі зі спеціями та травами', '07125951daa2caa9d4cff8630700db594ef80ba2e96d0aef963c89e08db40063.png'),
(104, 'Долма', 'Традиційна вірменська страва з виноградного листя, фаршированого м\'ясом та рисом', 'f9fe5c966260533d16adbc4f2b5edf2df7d292913c895e52f088d261cb88e9e4.png'),
(105, 'Хоровац', 'Традиційний вірменський шашлик з маринованої свинини', 'dc87f688b177275e06eae494f297edb31deb7c5758d8f35343d5c583f475ed90.jpg'),
(106, 'Лаваш', 'Традиційний вірменський хліб з борошна, води та солі', '7f1294d4bcb3645eb6c2f1448fec79ee83c66dd46ddea0618e36a508036c94d3.jpg');

-- --------------------------------------------------------

--
-- Структура таблицы `tags`
--

DROP TABLE IF EXISTS `tags`;
CREATE TABLE `tags` (
  `id` int(11) NOT NULL,
  `name_tag` varchar(255) DEFAULT NULL
) ENGINE=InnoDB DEFAULT CHARSET=utf8mb4 COLLATE=utf8mb4_general_ci;

--
-- Дамп данных таблицы `tags`
--

INSERT INTO `tags` (`id`, `name_tag`) VALUES
(84, 'овсянка'),
(85, 'фрукти'),
(86, 'мед'),
(87, 'омлет'),
(88, 'сир'),
(89, 'овочі'),
(90, 'панкейки'),
(91, 'сироп'),
(92, 'сніданок'),
(93, 'лосось'),
(94, 'вечеря'),
(95, 'курка'),
(96, 'рис'),
(97, 'плов'),
(98, 'рагу'),
(99, 'борщ'),
(100, 'суп'),
(101, 'обід'),
(102, 'котлети'),
(103, 'картопляне пюре'),
(104, 'картопля'),
(105, 'салат'),
(106, 'тунець'),
(107, 'полудень'),
(108, 'сирники'),
(109, 'йогурт'),
(110, 'ягоди'),
(111, 'гранола'),
(112, 'фета'),
(113, 'Цезар'),
(114, 'крутони'),
(115, 'морква'),
(116, 'яйця'),
(117, 'огірки'),
(118, 'ковбаса'),
(119, 'майонез'),
(120, 'брускетта'),
(121, 'помідори'),
(122, 'базилік'),
(123, 'капрезе'),
(124, 'моцарела'),
(125, 'гуакамоле'),
(126, 'авокадо'),
(127, 'чіпси'),
(128, 'тірамісу'),
(129, 'кава'),
(130, 'маскарпоне'),
(131, 'чізкейк'),
(132, 'вершковий сир'),
(133, 'печиво'),
(134, 'панна котта'),
(135, 'вершки'),
(136, 'томатний соус'),
(137, 'томати'),
(138, 'паста'),
(139, 'соус бешамель'),
(140, 'молоко'),
(141, 'вершкове масло'),
(142, 'гуакомоле'),
(143, 'соус'),
(144, 'повсякденні рецепти'),
(145, 'приправа'),
(146, 'суміш спецій'),
(147, 'барбекю'),
(148, 'м\'ясо'),
(149, 'риба'),
(150, 'індійська кухня'),
(151, 'карі'),
(152, 'італійська кухня'),
(153, 'піца'),
(154, 'випічка'),
(155, 'яблучний пиріг'),
(156, 'десерт'),
(157, 'пиріг'),
(158, 'шоколадний десерт'),
(159, 'брауні'),
(160, 'булочки'),
(161, 'кориця'),
(162, 'гарнір'),
(163, 'вегетаріанське'),
(164, 'гречка'),
(165, 'гриби'),
(166, 'на сніданок'),
(167, 'закуска'),
(168, 'нут'),
(169, 'веганське'),
(170, 'гаряча страва'),
(171, 'цвітна капуста'),
(172, 'запечене'),
(173, 'лазання'),
(174, 'шпинат'),
(175, 'рікота'),
(176, 'ліниві страви'),
(177, 'голубці'),
(178, 'капуста'),
(179, 'вареники'),
(180, 'лазанья'),
(181, 'макарони'),
(182, 'літні страви'),
(183, 'кавун'),
(184, 'холодна страва'),
(185, 'гаспачо'),
(186, 'холодний суп'),
(187, 'фруктовий салат'),
(188, 'смузі'),
(189, 'манго'),
(190, 'банан'),
(191, 'напій'),
(192, 'грильовані овочі'),
(193, 'зимові страви'),
(194, 'яблука'),
(195, 'горіхи'),
(196, 'дешеві страви'),
(197, 'деруни'),
(198, 'сочевиця'),
(199, 'пасха'),
(200, 'паска'),
(201, 'куліч'),
(202, 'свято'),
(203, 'сирна паска'),
(204, 'вінегрет'),
(205, 'день народження'),
(206, 'креветки'),
(207, 'часникове масло'),
(208, 'торт'),
(209, 'Наполеон'),
(210, 'новий рік'),
(211, 'олів\'є'),
(212, 'традиційне'),
(213, 'фаршировані яйця'),
(214, 'медовий торт'),
(215, 'українська кухня'),
(216, 'пампушки'),
(217, 'гречаники'),
(218, 'арабська кухня'),
(219, 'хумус'),
(220, 'табуле'),
(221, 'кебаб'),
(222, 'м\'ясо'),
(223, 'олів\'є'),
(224, 'дал'),
(225, 'саг панір'),
(226, 'панір'),
(227, 'грузинська кухня'),
(228, 'хачапурі'),
(229, 'яйце'),
(230, 'хінкалі'),
(231, 'пельмені'),
(232, 'лобіо'),
(233, 'квасоля'),
(234, 'вірменська кухня'),
(235, 'долма'),
(236, 'виноградні листя'),
(237, 'хоровац'),
(238, 'шашлик'),
(239, 'свинина'),
(240, 'гриль'),
(241, 'лаваш'),
(242, 'хліб'),
(243, 'борошно'),
(244, 'вода'),
(245, 'сіль'),
(246, 'vbcrf');

-- --------------------------------------------------------

--
-- Структура таблицы `tag_recept`
--

DROP TABLE IF EXISTS `tag_recept`;
CREATE TABLE `tag_recept` (
  `id` int(11) NOT NULL,
  `id_tags` int(11) DEFAULT NULL,
  `id_recipes` int(11) DEFAULT NULL
) ENGINE=InnoDB DEFAULT CHARSET=utf8mb4 COLLATE=utf8mb4_general_ci;

--
-- Дамп данных таблицы `tag_recept`
--

INSERT INTO `tag_recept` (`id`, `id_tags`, `id_recipes`) VALUES
(82, 84, 32),
(83, 85, 32),
(84, 86, 32),
(85, 87, 33),
(86, 88, 33),
(87, 89, 33),
(88, 90, 34),
(89, 91, 34),
(90, 92, 34),
(91, 93, 35),
(92, 89, 35),
(93, 94, 35),
(94, 95, 36),
(95, 96, 36),
(96, 97, 36),
(97, 98, 37),
(98, 89, 37),
(99, 94, 37),
(100, 99, 38),
(101, 100, 38),
(102, 101, 38),
(103, 102, 39),
(104, 103, 39),
(105, 101, 39),
(106, 95, 40),
(107, 104, 40),
(108, 101, 40),
(109, 105, 41),
(110, 106, 41),
(111, 107, 41),
(112, 108, 42),
(113, 88, 42),
(114, 107, 42),
(115, 109, 43),
(116, 110, 43),
(117, 111, 43),
(118, 107, 43),
(119, 105, 44),
(120, 89, 44),
(121, 112, 44),
(122, 105, 45),
(123, 95, 45),
(124, 113, 45),
(125, 114, 45),
(126, 105, 46),
(127, 104, 46),
(128, 115, 46),
(129, 116, 46),
(130, 117, 46),
(131, 118, 46),
(132, 119, 46),
(133, 120, 47),
(134, 121, 47),
(135, 122, 47),
(137, 121, 48),
(138, 124, 48),
(139, 122, 48),
(140, 125, 49),
(141, 126, 49),
(142, 121, 49),
(143, 127, 49),
(144, 128, 50),
(145, 129, 50),
(146, 130, 50),
(147, 131, 51),
(148, 132, 51),
(149, 133, 51),
(150, 134, 52),
(151, 135, 52),
(152, 110, 52),
(153, 136, 53),
(154, 137, 53),
(155, 138, 53),
(156, 139, 54),
(157, 140, 54),
(158, 141, 54),
(159, 142, 55),
(160, 126, 55),
(161, 121, 55),
(162, 143, 55),
(163, 144, 55),
(164, 145, 56),
(165, 146, 56),
(166, 147, 56),
(168, 149, 56),
(169, 145, 57),
(170, 146, 57),
(171, 150, 57),
(172, 151, 57),
(173, 145, 58),
(174, 146, 58),
(175, 152, 58),
(176, 138, 58),
(177, 153, 58),
(179, 154, 59),
(180, 155, 59),
(181, 156, 59),
(182, 157, 59),
(183, 154, 60),
(184, 158, 60),
(185, 156, 60),
(186, 159, 60),
(187, 154, 61),
(188, 160, 61),
(189, 161, 61),
(190, 156, 61),
(192, 162, 62),
(193, 103, 62),
(194, 104, 62),
(195, 163, 62),
(196, 162, 63),
(197, 96, 63),
(198, 89, 63),
(199, 163, 63),
(200, 162, 64),
(201, 164, 64),
(202, 165, 64),
(203, 163, 64),
(205, 92, 32),
(206, 92, 33),
(207, 94, 36),
(208, 167, 47),
(209, 167, 48),
(210, 167, 49),
(211, 163, 65),
(212, 151, 65),
(213, 168, 65),
(214, 89, 65),
(215, 169, 65),
(216, 170, 65),
(217, 101, 65),
(218, 94, 65),
(219, 163, 66),
(220, 171, 66),
(221, 88, 66),
(222, 172, 66),
(223, 170, 66),
(224, 101, 66),
(225, 94, 66),
(226, 163, 67),
(227, 173, 67),
(228, 174, 67),
(229, 175, 67),
(230, 170, 67),
(231, 101, 67),
(232, 94, 67),
(233, 176, 68),
(234, 177, 68),
(235, 178, 68),
(237, 170, 68),
(238, 101, 68),
(239, 94, 68),
(240, 176, 69),
(241, 179, 69),
(242, 88, 69),
(243, 92, 69),
(244, 156, 69),
(245, 176, 70),
(246, 180, 70),
(247, 181, 70),
(249, 170, 70),
(250, 101, 70),
(251, 94, 70),
(252, 182, 71),
(253, 105, 71),
(254, 183, 71),
(255, 112, 71),
(256, 163, 71),
(257, 184, 71),
(258, 167, 71),
(259, 182, 72),
(260, 185, 72),
(261, 186, 72),
(262, 121, 72),
(263, 169, 72),
(264, 163, 72),
(265, 184, 72),
(266, 167, 72),
(267, 101, 72),
(268, 94, 72),
(269, 182, 73),
(270, 187, 73),
(271, 85, 73),
(272, 169, 73),
(273, 163, 73),
(274, 184, 73),
(275, 167, 73),
(276, 156, 73),
(277, 92, 73),
(278, 182, 74),
(279, 105, 74),
(280, 117, 74),
(281, 109, 74),
(282, 163, 74),
(283, 169, 74),
(284, 184, 74),
(285, 167, 74),
(286, 182, 75),
(287, 188, 75),
(288, 189, 75),
(289, 190, 75),
(290, 191, 75),
(291, 169, 75),
(292, 163, 75),
(293, 92, 75),
(294, 156, 75),
(295, 182, 76),
(296, 192, 76),
(297, 89, 76),
(298, 169, 76),
(299, 163, 76),
(300, 170, 76),
(301, 167, 76),
(302, 101, 76),
(303, 94, 76),
(304, 193, 77),
(305, 99, 77),
(306, 100, 77),
(308, 170, 77),
(309, 101, 77),
(310, 94, 77),
(311, 193, 78),
(312, 164, 78),
(313, 165, 78),
(314, 170, 78),
(315, 163, 78),
(316, 101, 78),
(317, 94, 78),
(318, 193, 79),
(319, 156, 79),
(320, 194, 79),
(321, 86, 79),
(322, 195, 79),
(323, 163, 79),
(324, 196, 80),
(325, 181, 80),
(326, 136, 80),
(327, 163, 80),
(328, 101, 80),
(329, 94, 80),
(330, 196, 81),
(331, 197, 81),
(332, 104, 81),
(333, 163, 81),
(334, 101, 81),
(335, 94, 81),
(336, 92, 81),
(337, 196, 82),
(338, 100, 82),
(339, 198, 82),
(340, 169, 82),
(341, 163, 82),
(342, 101, 82),
(343, 94, 82),
(344, 199, 83),
(345, 200, 83),
(346, 201, 83),
(347, 154, 83),
(348, 156, 83),
(349, 202, 83),
(350, 199, 84),
(351, 203, 84),
(352, 156, 84),
(353, 202, 84),
(354, 88, 84),
(355, 199, 85),
(356, 204, 85),
(357, 105, 85),
(358, 89, 85),
(359, 163, 85),
(360, 202, 85),
(361, 205, 86),
(362, 105, 86),
(363, 95, 86),
(364, 113, 86),
(365, 114, 86),
(366, 202, 86),
(367, 167, 86),
(368, 205, 87),
(369, 206, 87),
(370, 207, 87),
(371, 170, 87),
(372, 202, 87),
(373, 167, 87),
(374, 205, 88),
(375, 208, 88),
(376, 209, 88),
(377, 156, 88),
(378, 202, 88),
(379, 154, 88),
(380, 210, 89),
(382, 105, 89),
(383, 212, 89),
(384, 184, 89),
(385, 167, 89),
(386, 210, 90),
(387, 213, 90),
(388, 167, 90),
(389, 212, 90),
(390, 184, 90),
(391, 210, 91),
(392, 214, 91),
(393, 156, 91),
(394, 154, 91),
(395, 202, 91),
(396, 215, 92),
(397, 99, 92),
(398, 216, 92),
(399, 100, 92),
(401, 170, 92),
(402, 101, 92),
(403, 94, 92),
(404, 215, 93),
(405, 179, 93),
(406, 104, 93),
(407, 101, 93),
(408, 94, 93),
(409, 163, 93),
(410, 215, 94),
(411, 217, 94),
(413, 164, 94),
(414, 170, 94),
(415, 101, 94),
(416, 94, 94),
(417, 218, 95),
(418, 219, 95),
(419, 167, 95),
(420, 169, 95),
(421, 163, 95),
(422, 184, 95),
(423, 218, 96),
(424, 220, 96),
(425, 105, 96),
(426, 169, 96),
(427, 163, 96),
(428, 184, 96),
(429, 218, 97),
(430, 221, 97),
(432, 170, 97),
(433, 101, 97),
(434, 94, 97),
(435, 222, 56),
(436, 222, 68),
(437, 222, 70),
(438, 222, 77),
(439, 223, 89),
(440, 222, 92),
(441, 222, 94),
(442, 222, 97),
(443, 143, 53),
(444, 143, 54),
(445, 143, 52),
(446, 150, 98),
(447, 151, 98),
(448, 95, 98),
(449, 101, 98),
(450, 94, 98),
(451, 170, 98),
(452, 150, 99),
(453, 224, 99),
(454, 198, 99),
(455, 163, 99),
(456, 169, 99),
(457, 101, 99),
(458, 94, 99),
(459, 150, 100),
(460, 225, 100),
(461, 174, 100),
(462, 226, 100),
(463, 163, 100),
(464, 101, 100),
(465, 94, 100),
(466, 227, 101),
(467, 228, 101),
(468, 88, 101),
(469, 229, 101),
(470, 170, 101),
(471, 101, 101),
(472, 94, 101),
(473, 227, 102),
(474, 230, 102),
(476, 101, 102),
(477, 94, 102),
(478, 231, 102),
(479, 227, 103),
(480, 232, 103),
(481, 233, 103),
(482, 163, 103),
(483, 101, 103),
(484, 94, 103),
(485, 234, 104),
(486, 235, 104),
(488, 236, 104),
(489, 96, 104),
(490, 101, 104),
(491, 94, 104),
(492, 234, 105),
(493, 237, 105),
(494, 238, 105),
(495, 239, 105),
(496, 240, 105),
(497, 101, 105),
(498, 94, 105),
(499, 234, 106),
(500, 241, 106),
(501, 242, 106),
(502, 243, 106),
(503, 244, 106),
(504, 245, 106),
(505, 154, 106),
(506, 222, 102),
(507, 222, 104),
(508, 246, 32);

-- --------------------------------------------------------

--
-- Структура таблицы `unit`
--

DROP TABLE IF EXISTS `unit`;
CREATE TABLE `unit` (
  `id` int(11) NOT NULL,
  `name_unit` varchar(50) DEFAULT NULL
) ENGINE=InnoDB DEFAULT CHARSET=utf8mb4 COLLATE=utf8mb4_general_ci;

--
-- Дамп данных таблицы `unit`
--

INSERT INTO `unit` (`id`, `name_unit`) VALUES
(38729, 'г'),
(38730, 'мл'),
(38731, 'шт'),
(38732, 'ст.л.'),
(38733, 'дрібка'),
(38734, 'ч.л.'),
(38735, 'зубчики'),
(38736, 'кг'),
(38737, 'зубчик'),
(38738, 'філе'),
(38739, 'жменька'),
(38740, 'см шматочок'),
(38741, 'г консервований'),
(38742, 'г або томатний соус'),
(38743, 'л'),
(38744, 'стебла');

--
-- Индексы сохранённых таблиц
--

--
-- Индексы таблицы `ingredients`
--
ALTER TABLE `ingredients`
  ADD PRIMARY KEY (`id`),
  ADD KEY `id_recipes` (`id_recipes`),
  ADD KEY `id_product` (`id_product`),
  ADD KEY `id_unit` (`id_unit`);

--
-- Индексы таблицы `product`
--
ALTER TABLE `product`
  ADD PRIMARY KEY (`id`);

--
-- Индексы таблицы `recipes_full`
--
ALTER TABLE `recipes_full`
  ADD PRIMARY KEY (`id`),
  ADD UNIQUE KEY `id` (`id`);

--
-- Индексы таблицы `recipes_short`
--
ALTER TABLE `recipes_short`
  ADD PRIMARY KEY (`id`);

--
-- Индексы таблицы `tags`
--
ALTER TABLE `tags`
  ADD PRIMARY KEY (`id`);

--
-- Индексы таблицы `tag_recept`
--
ALTER TABLE `tag_recept`
  ADD PRIMARY KEY (`id`),
  ADD KEY `id_tags` (`id_tags`),
  ADD KEY `id_recipes` (`id_recipes`);

--
-- Индексы таблицы `unit`
--
ALTER TABLE `unit`
  ADD PRIMARY KEY (`id`);

--
-- AUTO_INCREMENT для сохранённых таблиц
--

--
-- AUTO_INCREMENT для таблицы `ingredients`
--
ALTER TABLE `ingredients`
  MODIFY `id` int(11) NOT NULL AUTO_INCREMENT, AUTO_INCREMENT=39361;

--
-- AUTO_INCREMENT для таблицы `product`
--
ALTER TABLE `product`
  MODIFY `id` int(11) NOT NULL AUTO_INCREMENT, AUTO_INCREMENT=38932;

--
-- AUTO_INCREMENT для таблицы `recipes_short`
--
ALTER TABLE `recipes_short`
  MODIFY `id` int(11) NOT NULL AUTO_INCREMENT, AUTO_INCREMENT=107;

--
-- AUTO_INCREMENT для таблицы `tags`
--
ALTER TABLE `tags`
  MODIFY `id` int(11) NOT NULL AUTO_INCREMENT, AUTO_INCREMENT=247;

--
-- AUTO_INCREMENT для таблицы `tag_recept`
--
ALTER TABLE `tag_recept`
  MODIFY `id` int(11) NOT NULL AUTO_INCREMENT, AUTO_INCREMENT=509;

--
-- AUTO_INCREMENT для таблицы `unit`
--
ALTER TABLE `unit`
  MODIFY `id` int(11) NOT NULL AUTO_INCREMENT, AUTO_INCREMENT=38745;

--
-- Ограничения внешнего ключа сохраненных таблиц
--

--
-- Ограничения внешнего ключа таблицы `ingredients`
--
ALTER TABLE `ingredients`
  ADD CONSTRAINT `ingredients_ibfk_1` FOREIGN KEY (`id_recipes`) REFERENCES `recipes_full` (`id`),
  ADD CONSTRAINT `ingredients_ibfk_2` FOREIGN KEY (`id_product`) REFERENCES `product` (`id`),
  ADD CONSTRAINT `ingredients_ibfk_3` FOREIGN KEY (`id_unit`) REFERENCES `unit` (`id`);

--
-- Ограничения внешнего ключа таблицы `recipes_full`
--
ALTER TABLE `recipes_full`
  ADD CONSTRAINT `recipes_full_ibfk_1` FOREIGN KEY (`id`) REFERENCES `recipes_short` (`id`);

--
-- Ограничения внешнего ключа таблицы `tag_recept`
--
ALTER TABLE `tag_recept`
  ADD CONSTRAINT `tag_recept_ibfk_1` FOREIGN KEY (`id_tags`) REFERENCES `tags` (`id`),
  ADD CONSTRAINT `tag_recept_ibfk_2` FOREIGN KEY (`id_recipes`) REFERENCES `recipes_full` (`id`);
COMMIT;

/*!40101 SET CHARACTER_SET_CLIENT=@OLD_CHARACTER_SET_CLIENT */;
/*!40101 SET CHARACTER_SET_RESULTS=@OLD_CHARACTER_SET_RESULTS */;
/*!40101 SET COLLATION_CONNECTION=@OLD_COLLATION_CONNECTION */;
